Product name,Phone Color,Ram,Discounts, Prices ,Rattings,Riviews.
SAMSUNG Galaxy S23 5G ,Cream, 128 GB,55%," $39,999 ",68658,4740
SAMSUNG Galaxy S23 5G ,Cream, 256 GB,56%," $41,999 ",68658,4740
SAMSUNG Galaxy S23 5G ,Cream, 128 GB,25%," $39,999 ",68658,4740
SAMSUNG Galaxy S23 5G ,Cream, 256 GB,40%," $41,999 ",68658,4740
SAMSUNG Galaxy S23 5G ,Cream, 128 GB,40%," $39,999 ",68658,4740
SAMSUNG Galaxy S23 5G ,Cream, 256 GB,39%," $41,999 ",68658,4740
SAMSUNG Galaxy S23 5G ,Cream, 128 GB,37%," $39,999 ",68658,4740
SAMSUNG Galaxy S23 5G ,Cream, 256 GB,37%," $41,999 ",68658,4740
SAMSUNG Galaxy S23 5G ,Cream, 128 GB,32%," $39,999 ",68658,4740
SAMSUNG Galaxy S23 5G ,Cream, 256 GB,40%," $41,999 ",68658,4740
SAMSUNG Galaxy S23 5G ,Cream, 128 GB,23%," $39,999 ",68658,4740
SAMSUNG Galaxy S23 5G ,Cream, 256 GB,32%," $41,999 ",68658,4740
SAMSUNG Galaxy S23 5G ,Cream, 128 GB,39%," $39,999 ",68658,4740
SAMSUNG Galaxy S23 5G ,Cream, 256 GB,23%," $41,999 ",68658,4740
SAMSUNG Galaxy S23 5G ,Cream, 128 GB,21%," $39,999 ",68658,4740
SAMSUNG Galaxy S23 5G ,Cream, 256 GB,40%," $41,999 ",68658,4740
SAMSUNG Galaxy S23 5G ,Cream, 128 GB,25%," $39,999 ",68658,4740
SAMSUNG Galaxy S23 5G ,Cream, 256 GB,21%," $41,999 ",68658,4740
SAMSUNG Galaxy S23 5G ,Cream, 128 GB,45%," $39,999 ",68658,4740
SAMSUNG Galaxy S23 5G ,Cream, 256 GB,55%," $41,999 ",68658,4740
SAMSUNG Galaxy S23 5G ,Cream, 128 GB,45%," $39,999 ",68658,4740
SAMSUNG Galaxy S23 5G ,Cream, 256 GB,25%," $41,999 ",68658,4740
SAMSUNG Galaxy S23 5G ,Cream, 128 GB,45%," $39,999 ",68658,4740
SAMSUNG Galaxy S23 5G ,Cream, 256 GB,17%," $41,999 ",68658,4740
SAMSUNG Galaxy S23 5G ,Cream, 128 GB,20%," $39,999 ",68658,4740
SAMSUNG Galaxy S23 5G ,Cream, 256 GB,45%," $41,999 ",68658,4740
SAMSUNG Galaxy S23 5G ,Cream, 128 GB,39%," $39,999 ",68658,4740
SAMSUNG Galaxy S23 5G ,Cream, 256 GB,20%," $41,999 ",68658,4740
SAMSUNG Galaxy S23 5G ,Cream, 128 GB,37%," $39,999 ",68658,4740
SAMSUNG Galaxy S23 5G ,Cream, 256 GB,39%," $41,999 ",68658,4740
SAMSUNG Galaxy S23 5G ,Cream, 128 GB,29%," $39,999 ",68658,4740
SAMSUNG Galaxy S23 5G ,Cream, 256 GB,37%," $41,999 ",68658,4740
SAMSUNG Galaxy S23 5G ,Cream, 128 GB,32%," $39,999 ",68658,4740
SAMSUNG Galaxy S23 5G ,Cream, 256 GB,40%," $41,999 ",68658,4740
SAMSUNG Galaxy S23 5G ,Cream, 128 GB,23%," $39,999 ",68658,4740
SAMSUNG Galaxy S23 5G ,Cream, 256 GB,32%," $41,999 ",68658,4740
SAMSUNG Galaxy S23 5G ,Cream, 128 GB,39%," $39,999 ",68658,4740
SAMSUNG Galaxy S23 5G ,Cream, 256 GB,16%," $41,999 ",68658,4740
SAMSUNG Galaxy S23 5G ,Cream, 128 GB,40%," $39,999 ",68658,4740
SAMSUNG Galaxy S23 5G ,Cream, 256 GB,39%," $41,999 ",68658,4740
SAMSUNG Galaxy S23 5G ,Cream, 128 GB,21%," $39,999 ",68658,4740
SAMSUNG Galaxy S23 5G ,Cream, 256 GB,40%," $41,999 ",68658,4740
SAMSUNG Galaxy S23 5G ,Cream, 128 GB,25%," $39,999 ",68658,4740
SAMSUNG Galaxy S23 5G ,Cream, 256 GB,21%," $41,999 ",68658,4740
SAMSUNG Galaxy S23 5G ,Cream, 128 GB,55%," $39,999 ",68658,4740
SAMSUNG Galaxy S23 5G ,Cream, 256 GB,56%," $41,999 ",68658,4740
SAMSUNG Galaxy S23 5G ,Cream, 128 GB,29%," $39,999 ",68658,4740
SAMSUNG Galaxy S23 5G ,Cream, 256 GB,55%," $41,999 ",68658,4740
SAMSUNG Galaxy S23 5G ,Cream, 128 GB,17%," $39,999 ",68658,4740
SAMSUNG Galaxy S23 5G ,Cream, 256 GB,29%," $41,999 ",68658,4740
SAMSUNG Galaxy S23 5G ,Cream, 128 GB,45%," $39,999 ",68658,4740
SAMSUNG Galaxy S23 5G ,Cream, 256 GB,17%," $41,999 ",68658,4740
SAMSUNG Galaxy S23 5G ,Cream, 128 GB,20%," $39,999 ",68658,4740
SAMSUNG Galaxy S23 5G ,Cream, 256 GB,45%," $41,999 ",68658,4740
SAMSUNG Galaxy S23 5G ,Cream, 128 GB,39%," $39,999 ",68658,4740
SAMSUNG Galaxy S23 5G ,Cream, 256 GB,20%," $41,999 ",68658,4740
SAMSUNG Galaxy S23 5G ,Cream, 128 GB,25%," $39,999 ",68658,4740
SAMSUNG Galaxy S23 5G ,Cream, 256 GB,55%," $41,999 ",68658,4740
SAMSUNG Galaxy S23 5G ,Cream, 128 GB,45%," $39,999 ",68658,4740
SAMSUNG Galaxy S23 5G ,Cream, 256 GB,40%," $41,999 ",68658,4740
SAMSUNG Galaxy S23 5G ,Cream, 128 GB,19%," $39,999 ",68658,4740
SAMSUNG Galaxy S23 5G ,Cream, 256 GB,40%," $41,999 ",68658,4740
SAMSUNG Galaxy S23 5G ,Cream, 128 GB,23%," $39,999 ",68658,4740
SAMSUNG Galaxy S23 5G ,Cream, 256 GB,32%," $41,999 ",68658,4740
SAMSUNG Galaxy S23 5G ,Cream, 128 GB,39%," $39,999 ",68658,4740
SAMSUNG Galaxy S23 5G ,Cream, 256 GB,23%," $41,999 ",68658,4740
SAMSUNG Galaxy S23 5G ,Cream, 128 GB,40%," $39,999 ",68658,4740
SAMSUNG Galaxy S23 5G ,Cream, 256 GB,39%," $41,999 ",68658,4740
SAMSUNG Galaxy S23 5G ,Cream, 128 GB,21%," $39,999 ",68658,4740
SAMSUNG Galaxy S23 5G ,Cream, 256 GB,40%," $41,999 ",68658,4740
SAMSUNG Galaxy S23 5G ,Cream, 128 GB,32%," $39,999 ",68658,4740
SAMSUNG Galaxy S23 5G ,Cream, 256 GB,21%," $41,999 ",68658,4740
SAMSUNG Galaxy A14 5G ,Dark Red, 128 GB,45%," $11,499 ",67927,3292
SAMSUNG Galaxy A14 5G ,Dark Red, 128 GB,23%," $11,499 ",67927,3292
SAMSUNG Galaxy A14 5G ,Dark Red, 128 GB,20%," $11,499 ",67927,3292
SAMSUNG Galaxy A14 5G ,Dark Red, 128 GB,29%," $11,499 ",67927,3292
SAMSUNG Galaxy A14 5G ,Dark Red, 128 GB,37%," $11,499 ",67927,3292
SAMSUNG Galaxy A14 5G ,Dark Red, 128 GB,40%," $11,499 ",67927,3292
SAMSUNG Galaxy A14 5G ,Dark Red, 128 GB,37%," $11,499 ",67927,3292
SAMSUNG Galaxy A14 5G ,Dark Red, 128 GB,23%," $11,499 ",67927,3292
SAMSUNG Galaxy A14 5G ,Dark Red, 128 GB,39%," $11,499 ",67927,3292
SAMSUNG Galaxy A14 5G ,Dark Red, 128 GB,21%," $11,499 ",67927,3292
SAMSUNG Galaxy A14 5G ,Dark Red, 128 GB,21%," $11,499 ",67927,3292
SAMSUNG Galaxy A14 5G ,Dark Red, 128 GB,45%," $11,499 ",67927,3292
SAMSUNG Galaxy A14 5G ,Dark Red, 128 GB,21%," $11,499 ",67927,3292
SAMSUNG Galaxy A14 5G ,Dark Red, 128 GB,40%," $11,499 ",67927,3292
SAMSUNG Galaxy A14 5G ,Dark Red, 128 GB,45%," $11,499 ",67927,3292
SAMSUNG Galaxy A14 5G ,Dark Red, 128 GB,20%," $11,499 ",67927,3292
SAMSUNG Galaxy A14 5G ,Dark Red, 128 GB,39%," $11,499 ",67927,3292
SAMSUNG Galaxy A14 5G ,Dark Red, 128 GB,37%," $11,499 ",67927,3292
SAMSUNG Galaxy A14 5G ,Dark Red, 128 GB,45%," $11,499 ",67927,3292
SAMSUNG Galaxy A14 5G ,Dark Red, 128 GB,29%," $11,499 ",67927,3292
SAMSUNG Galaxy A14 5G ,Dark Red, 128 GB,29%," $11,499 ",67927,3292
SAMSUNG Galaxy A14 5G ,Dark Red, 128 GB,23%," $11,499 ",67927,3292
SAMSUNG Galaxy A14 5G ,Dark Red, 128 GB,40%," $11,499 ",67927,3292
SAMSUNG Galaxy A14 5G ,Dark Red, 128 GB,21%," $11,499 ",67927,3292
SAMSUNG Galaxy A14 5G ,Dark Red, 128 GB,21%," $11,499 ",67927,3292
SAMSUNG Galaxy A14 5G ,Dark Red, 128 GB,32%," $11,499 ",67927,3292
SAMSUNG Galaxy A14 5G ,Dark Red, 128 GB,21%," $11,499 ",67927,3292
SAMSUNG Galaxy A14 5G ,Dark Red, 128 GB,16%," $11,499 ",67927,3292
SAMSUNG Galaxy A14 5G ,Dark Red, 128 GB,45%," $11,499 ",67927,3292
SAMSUNG Galaxy A14 5G ,Dark Red, 128 GB,20%," $11,499 ",67927,3292
SAMSUNG Galaxy A14 5G ,Dark Red, 128 GB,39%," $11,499 ",67927,3292
SAMSUNG Galaxy A14 5G ,Dark Red, 128 GB,37%," $11,499 ",67927,3292
SAMSUNG Galaxy A14 5G ,Dark Red, 128 GB,45%," $11,499 ",67927,3292
SAMSUNG Galaxy A14 5G ,Dark Red, 128 GB,29%," $11,499 ",67927,3292
SAMSUNG Galaxy A14 5G ,Dark Red, 128 GB,45%," $11,499 ",67927,3292
SAMSUNG Galaxy A14 5G ,Dark Red, 128 GB,21%," $11,499 ",67927,3292
SAMSUNG Galaxy A14 5G ,Dark Red, 128 GB,39%," $11,499 ",67927,3292
SAMSUNG Galaxy A14 5G ,Dark Red, 128 GB,40%," $11,499 ",67927,3292
SAMSUNG Galaxy A14 5G ,Dark Red, 128 GB,21%," $11,499 ",67927,3292
SAMSUNG Galaxy A14 5G ,Dark Red, 128 GB,32%," $11,499 ",67927,3292
SAMSUNG Galaxy A14 5G ,Dark Red, 128 GB,16%," $11,499 ",67927,3292
SAMSUNG Galaxy A14 5G ,Dark Red, 128 GB,40%," $11,499 ",67927,3292
SAMSUNG Galaxy F15 5G ,Ash Black, 128 GB,20%," $13,499 ",29324,2361
SAMSUNG Galaxy F15 5G ,Ash Black, 128 GB,45%," $13,499 ",29324,2361
SAMSUNG Galaxy F15 5G ,Ash Black, 128 GB,21%," $13,499 ",29324,2361
SAMSUNG Galaxy F15 5G ,Ash Black, 128 GB,29%," $13,499 ",29324,2361
SAMSUNG Galaxy F15 5G ,Ash Black, 128 GB,16%," $13,499 ",29324,2361
SAMSUNG Galaxy F15 5G ,Ash Black, 128 GB,56%," $13,499 ",29324,2361
SAMSUNG Galaxy F15 5G ,Ash Black, 128 GB,39%," $13,499 ",29324,2361
SAMSUNG Galaxy F15 5G ,Ash Black, 128 GB,45%," $13,499 ",29324,2361
SAMSUNG Galaxy F15 5G ,Ash Black, 128 GB,45%," $13,499 ",29324,2361
SAMSUNG Galaxy F15 5G ,Ash Black, 128 GB,20%," $13,499 ",29324,2361
SAMSUNG Galaxy F15 5G ,Ash Black, 128 GB,23%," $13,499 ",29324,2361
SAMSUNG Galaxy F15 5G ,Ash Black, 128 GB,39%," $13,499 ",29324,2361
SAMSUNG Galaxy F15 5G ,Ash Black, 128 GB,37%," $13,499 ",29324,2361
SAMSUNG Galaxy F15 5G ,Ash Black, 128 GB,40%," $13,499 ",29324,2361
SAMSUNG Galaxy F15 5G ,Ash Black, 128 GB,20%," $13,499 ",29324,2361
SAMSUNG Galaxy F15 5G ,Ash Black, 128 GB,29%," $13,499 ",29324,2361
SAMSUNG Galaxy F15 5G ,Ash Black, 128 GB,36%," $13,499 ",29324,2361
SAMSUNG Galaxy F15 5G ,Ash Black, 128 GB,40%," $13,499 ",29324,2361
SAMSUNG Galaxy F15 5G ,Ash Black, 128 GB,23%," $13,499 ",29324,2361
SAMSUNG Galaxy F15 5G ,Ash Black, 128 GB,56%," $13,499 ",29324,2361
SAMSUNG Galaxy F15 5G ,Ash Black, 128 GB,55%," $13,499 ",29324,2361
SAMSUNG Galaxy F15 5G ,Ash Black, 128 GB,37%," $13,499 ",29324,2361
SAMSUNG Galaxy F15 5G ,Ash Black, 128 GB,45%," $13,499 ",29324,2361
SAMSUNG Galaxy F15 5G ,Ash Black, 128 GB,20%," $13,499 ",29324,2361
SAMSUNG Galaxy F15 5G ,Ash Black, 128 GB,20%," $13,499 ",29324,2361
SAMSUNG Galaxy F15 5G ,Ash Black, 128 GB,39%," $13,499 ",29324,2361
SAMSUNG Galaxy F15 5G ,Ash Black, 128 GB,37%," $13,499 ",29324,2361
SAMSUNG Galaxy F15 5G ,Ash Black, 128 GB,40%," $13,499 ",29324,2361
SAMSUNG Galaxy F15 5G ,Ash Black, 128 GB,20%," $13,499 ",29324,2361
SAMSUNG Galaxy F15 5G ,Ash Black, 128 GB,37%," $13,499 ",29324,2361
SAMSUNG Galaxy F15 5G ,Ash Black, 128 GB,32%," $13,499 ",29324,2361
SAMSUNG Galaxy F15 5G ,Ash Black, 128 GB,40%," $13,499 ",29324,2361
SAMSUNG Galaxy F15 5G ,Ash Black, 128 GB,23%," $13,499 ",29324,2361
SAMSUNG Galaxy F15 5G ,Ash Black, 128 GB,56%," $13,499 ",29324,2361
SAMSUNG Galaxy F15 5G ,Ash Black, 128 GB,29%," $13,499 ",29324,2361
SAMSUNG Galaxy F15 5G ,Ash Black, 128 GB,31%," $13,499 ",29324,2361
SAMSUNG Galaxy F15 5G ,Ash Black, 128 GB,20%," $13,499 ",29324,2361
SAMSUNG Galaxy F15 5G ,Ash Black, 128 GB,23%," $13,499 ",29324,2361
SAMSUNG Galaxy F15 5G ,Ash Black, 128 GB,39%," $13,499 ",29324,2361
SAMSUNG Galaxy F15 5G ,Ash Black, 128 GB,37%," $13,499 ",29324,2361
SAMSUNG Galaxy F15 5G ,Ash Black, 128 GB,40%," $13,499 ",29324,2361
SAMSUNG Galaxy A14 5G ,Dark Red, 128 GB,32%," $10,499 ",39568,1807
SAMSUNG Galaxy A14 5G ,Dark Red, 128 GB,40%," $10,499 ",39568,1807
SAMSUNG Galaxy A14 5G ,Dark Red, 128 GB,40%," $10,499 ",39568,1807
SAMSUNG Galaxy A14 5G ,Dark Red, 128 GB,21%," $10,499 ",39568,1807
SAMSUNG Galaxy A14 5G ,Dark Red, 128 GB,55%," $10,499 ",39568,1807
SAMSUNG Galaxy A14 5G ,Dark Red, 128 GB,32%," $10,499 ",39568,1807
SAMSUNG Galaxy A14 5G ,Dark Red, 128 GB,32%," $10,499 ",39568,1807
SAMSUNG Galaxy A14 5G ,Dark Red, 128 GB,16%," $10,499 ",39568,1807
SAMSUNG Galaxy A14 5G ,Dark Red, 128 GB,40%," $10,499 ",39568,1807
SAMSUNG Galaxy A14 5G ,Dark Red, 128 GB,39%," $10,499 ",39568,1807
SAMSUNG Galaxy A14 5G ,Dark Red, 128 GB,25%," $10,499 ",39568,1807
SAMSUNG Galaxy A14 5G ,Dark Red, 128 GB,32%," $10,499 ",39568,1807
SAMSUNG Galaxy A14 5G ,Dark Red, 128 GB,25%," $10,499 ",39568,1807
SAMSUNG Galaxy A14 5G ,Dark Red, 128 GB,45%," $10,499 ",39568,1807
SAMSUNG Galaxy A14 5G ,Dark Red, 128 GB,32%," $10,499 ",39568,1807
SAMSUNG Galaxy A14 5G ,Dark Red, 128 GB,23%," $10,499 ",39568,1807
SAMSUNG Galaxy A14 5G ,Dark Red, 128 GB,23%," $10,499 ",39568,1807
SAMSUNG Galaxy A14 5G ,Dark Red, 128 GB,56%," $10,499 ",39568,1807
SAMSUNG Galaxy A14 5G ,Dark Red, 128 GB,55%," $10,499 ",39568,1807
SAMSUNG Galaxy A14 5G ,Dark Red, 128 GB,29%," $10,499 ",39568,1807
SAMSUNG Galaxy A14 5G ,Dark Red, 128 GB,40%," $10,499 ",39568,1807
SAMSUNG Galaxy A14 5G ,Dark Red, 128 GB,16%," $10,499 ",39568,1807
SAMSUNG Galaxy A14 5G ,Dark Red, 128 GB,23%," $10,499 ",39568,1807
SAMSUNG Galaxy A14 5G ,Dark Red, 128 GB,39%," $10,499 ",39568,1807
SAMSUNG Galaxy A14 5G ,Dark Red, 128 GB,25%," $10,499 ",39568,1807
SAMSUNG Galaxy A14 5G ,Dark Red, 128 GB,25%," $10,499 ",39568,1807
SAMSUNG Galaxy A14 5G ,Dark Red, 128 GB,25%," $10,499 ",39568,1807
SAMSUNG Galaxy A14 5G ,Dark Red, 128 GB,17%," $10,499 ",39568,1807
SAMSUNG Galaxy A14 5G ,Dark Red, 128 GB,32%," $10,499 ",39568,1807
SAMSUNG Galaxy A14 5G ,Dark Red, 128 GB,40%," $10,499 ",39568,1807
SAMSUNG Galaxy A14 5G ,Dark Red, 128 GB,56%," $10,499 ",39568,1807
SAMSUNG Galaxy A14 5G ,Dark Red, 128 GB,55%," $10,499 ",39568,1807
SAMSUNG Galaxy A14 5G ,Dark Red, 128 GB,29%," $10,499 ",39568,1807
SAMSUNG Galaxy A14 5G ,Dark Red, 128 GB,16%," $10,499 ",39568,1807
SAMSUNG Galaxy A14 5G ,Dark Red, 128 GB,25%," $10,499 ",39568,1807
SAMSUNG Galaxy A14 5G ,Dark Red, 128 GB,40%," $10,499 ",39568,1807
SAMSUNG Galaxy A14 5G ,Dark Red, 128 GB,21%," $10,499 ",39568,1807
SAMSUNG Galaxy A14 5G ,Dark Red, 128 GB,25%," $10,499 ",39568,1807
SAMSUNG Galaxy A14 5G ,Dark Red, 128 GB,25%," $10,499 ",39568,1807
SAMSUNG Galaxy A14 5G ,Dark Red, 128 GB,32%," $10,499 ",39568,1807
SAMSUNG Galaxy A14 5G ,Dark Red, 128 GB,23%," $10,499 ",39568,1807
SAMSUNG Galaxy F05 ,Twilight Blue, 64 GB,37%," $6,249 ",25032,1415
SAMSUNG Galaxy F05 ,Twilight Blue, 64 GB,16%," $6,249 ",25032,1415
SAMSUNG Galaxy F05 ,Twilight Blue, 64 GB,21%," $6,249 ",25032,1415
SAMSUNG Galaxy F05 ,Twilight Blue, 64 GB,32%," $6,249 ",25032,1415
SAMSUNG Galaxy F05 ,Twilight Blue, 64 GB,21%," $6,249 ",25032,1415
SAMSUNG Galaxy F05 ,Twilight Blue, 64 GB,16%," $6,249 ",25032,1415
SAMSUNG Galaxy F05 ,Twilight Blue, 64 GB,40%," $6,249 ",25032,1415
SAMSUNG Galaxy F05 ,Twilight Blue, 64 GB,25%," $6,249 ",25032,1415
SAMSUNG Galaxy F05 ,Twilight Blue, 64 GB,32%," $6,249 ",25032,1415
SAMSUNG Galaxy F05 ,Twilight Blue, 64 GB,37%," $6,249 ",25032,1415
SAMSUNG Galaxy F05 ,Twilight Blue, 64 GB,32%," $6,249 ",25032,1415
SAMSUNG Galaxy F05 ,Twilight Blue, 64 GB,16%," $6,249 ",25032,1415
SAMSUNG Galaxy F05 ,Twilight Blue, 64 GB,39%," $6,249 ",25032,1415
SAMSUNG Galaxy F05 ,Twilight Blue, 64 GB,40%," $6,249 ",25032,1415
SAMSUNG Galaxy F05 ,Twilight Blue, 64 GB,21%," $6,249 ",25032,1415
SAMSUNG Galaxy F05 ,Twilight Blue, 64 GB,45%," $6,249 ",25032,1415
SAMSUNG Galaxy F05 ,Twilight Blue, 64 GB,21%," $6,249 ",25032,1415
SAMSUNG Galaxy F05 ,Twilight Blue, 64 GB,16%," $6,249 ",25032,1415
SAMSUNG Galaxy F05 ,Twilight Blue, 64 GB,40%," $6,249 ",25032,1415
SAMSUNG Galaxy F05 ,Twilight Blue, 64 GB,21%," $6,249 ",25032,1415
SAMSUNG Galaxy F05 ,Twilight Blue, 64 GB,25%," $6,249 ",25032,1415
SAMSUNG Galaxy F05 ,Twilight Blue, 64 GB,32%," $6,249 ",25032,1415
SAMSUNG Galaxy F05 ,Twilight Blue, 64 GB,37%," $6,249 ",25032,1415
SAMSUNG Galaxy F05 ,Twilight Blue, 64 GB,45%," $6,249 ",25032,1415
SAMSUNG Galaxy F05 ,Twilight Blue, 64 GB,29%," $6,249 ",25032,1415
SAMSUNG Galaxy F05 ,Twilight Blue, 64 GB,16%," $6,249 ",25032,1415
SAMSUNG Galaxy F05 ,Twilight Blue, 64 GB,39%," $6,249 ",25032,1415
SAMSUNG Galaxy F05 ,Twilight Blue, 64 GB,40%," $6,249 ",25032,1415
SAMSUNG Galaxy F05 ,Twilight Blue, 64 GB,37%," $6,249 ",25032,1415
SAMSUNG Galaxy F05 ,Twilight Blue, 64 GB,32%," $6,249 ",25032,1415
SAMSUNG Galaxy F05 ,Twilight Blue, 64 GB,37%," $6,249 ",25032,1415
SAMSUNG Galaxy F05 ,Twilight Blue, 64 GB,16%," $6,249 ",25032,1415
SAMSUNG Galaxy F05 ,Twilight Blue, 64 GB,40%," $6,249 ",25032,1415
SAMSUNG Galaxy F05 ,Twilight Blue, 64 GB,21%," $6,249 ",25032,1415
SAMSUNG Galaxy F05 ,Twilight Blue, 64 GB,25%," $6,249 ",25032,1415
SAMSUNG Galaxy F05 ,Twilight Blue, 64 GB,25%," $6,249 ",25032,1415
SAMSUNG Galaxy F15 5G ,Jazzy Green, 128 GB,21%," $12,499 ",12319,1025
SAMSUNG Galaxy F15 5G ,Groovy Violet, 128 GB,21%," $12,499 ",12319,1025
SAMSUNG Galaxy F15 5G ,Jazzy Green, 128 GB,25%," $12,499 ",12319,1025
SAMSUNG Galaxy F15 5G ,Groovy Violet, 128 GB,25%," $12,499 ",12319,1025
SAMSUNG Galaxy F15 5G ,Jazzy Green, 128 GB,32%," $12,499 ",12319,1025
SAMSUNG Galaxy F15 5G ,Groovy Violet, 128 GB,25%," $12,499 ",12319,1025
SAMSUNG Galaxy F15 5G ,Jazzy Green, 128 GB,40%," $12,499 ",12319,1025
SAMSUNG Galaxy F15 5G ,Groovy Violet, 128 GB,17%," $12,499 ",12319,1025
SAMSUNG Galaxy F15 5G ,Jazzy Green, 128 GB,40%," $12,499 ",12319,1025
SAMSUNG Galaxy F15 5G ,Groovy Violet, 128 GB,45%," $12,499 ",12319,1025
SAMSUNG Galaxy F15 5G ,Jazzy Green, 128 GB,21%," $12,499 ",12319,1025
SAMSUNG Galaxy F15 5G ,Groovy Violet, 128 GB,38%," $12,499 ",12319,1025
SAMSUNG Galaxy F15 5G ,Jazzy Green, 128 GB,25%," $12,499 ",12319,1025
SAMSUNG Galaxy F15 5G ,Groovy Violet, 128 GB,20%," $12,499 ",12319,1025
SAMSUNG Galaxy F15 5G ,Jazzy Green, 128 GB,25%," $12,499 ",12319,1025
SAMSUNG Galaxy F15 5G ,Groovy Violet, 128 GB,29%," $12,499 ",12319,1025
SAMSUNG Galaxy F15 5G ,Jazzy Green, 128 GB,25%," $12,499 ",12319,1025
SAMSUNG Galaxy F15 5G ,Groovy Violet, 128 GB,36%," $12,499 ",12319,1025
SAMSUNG Galaxy F15 5G ,Jazzy Green, 128 GB,17%," $12,499 ",12319,1025
SAMSUNG Galaxy F15 5G ,Groovy Violet, 128 GB,40%," $12,499 ",12319,1025
SAMSUNG Galaxy F15 5G ,Jazzy Green, 128 GB,38%," $12,499 ",12319,1025
SAMSUNG Galaxy F15 5G ,Groovy Violet, 128 GB,25%," $12,499 ",12319,1025
SAMSUNG Galaxy F15 5G ,Jazzy Green, 128 GB,20%," $12,499 ",12319,1025
SAMSUNG Galaxy F15 5G ,Groovy Violet, 128 GB,56%," $12,499 ",12319,1025
SAMSUNG Galaxy F15 5G ,Jazzy Green, 128 GB,23%," $12,499 ",12319,1025
SAMSUNG Galaxy F15 5G ,Groovy Violet, 128 GB,55%," $12,499 ",12319,1025
SAMSUNG Galaxy F15 5G ,Jazzy Green, 128 GB,36%," $12,499 ",12319,1025
SAMSUNG Galaxy F15 5G ,Groovy Violet, 128 GB,25%," $12,499 ",12319,1025
SAMSUNG Galaxy F15 5G ,Jazzy Green, 128 GB,21%," $12,499 ",12319,1025
SAMSUNG Galaxy F15 5G ,Groovy Violet, 128 GB,21%," $12,499 ",12319,1025
SAMSUNG Galaxy F15 5G ,Jazzy Green, 128 GB,32%," $12,499 ",12319,1025
SAMSUNG Galaxy F15 5G ,Groovy Violet, 128 GB,25%," $12,499 ",12319,1025
SAMSUNG Galaxy F15 5G ,Jazzy Green, 128 GB,21%," $12,499 ",12319,1025
SAMSUNG Galaxy F15 5G ,Groovy Violet, 128 GB,32%," $12,499 ",12319,1025
SAMSUNG Galaxy F15 5G ,Jazzy Green, 128 GB,25%," $12,499 ",12319,1025
SAMSUNG Galaxy F15 5G ,Groovy Violet, 128 GB,23%," $12,499 ",12319,1025
SAMSUNG Galaxy F15 5G ,Jazzy Green, 128 GB,40%," $12,499 ",12319,1025
SAMSUNG Galaxy F15 5G ,Groovy Violet, 128 GB,16%," $12,499 ",12319,1025
SAMSUNG Galaxy F15 5G ,Jazzy Green, 128 GB,21%," $12,499 ",12319,1025
SAMSUNG Galaxy F15 5G ,Groovy Violet, 128 GB,38%," $12,499 ",12319,1025
SAMSUNG Galaxy F15 5G ,Jazzy Green, 128 GB,25%," $12,499 ",12319,1025
SAMSUNG Galaxy F15 5G ,Groovy Violet, 128 GB,20%," $12,499 ",12319,1025
SAMSUNG Galaxy F15 5G ,Jazzy Green, 128 GB,32%," $12,499 ",12319,1025
SAMSUNG Galaxy F15 5G ,Groovy Violet, 128 GB,23%," $12,499 ",12319,1025
SAMSUNG Galaxy F15 5G ,Jazzy Green, 128 GB,25%," $12,499 ",12319,1025
SAMSUNG Galaxy F15 5G ,Groovy Violet, 128 GB,36%," $12,499 ",12319,1025
SAMSUNG Galaxy F15 5G ,Jazzy Green, 128 GB,17%," $12,499 ",12319,1025
SAMSUNG Galaxy F15 5G ,Groovy Violet, 128 GB,40%," $12,499 ",12319,1025
SAMSUNG Galaxy F15 5G ,Jazzy Green, 128 GB,38%," $12,499 ",12319,1025
SAMSUNG Galaxy F15 5G ,Groovy Violet, 128 GB,23%," $12,499 ",12319,1025
SAMSUNG Galaxy F15 5G ,Jazzy Green, 128 GB,20%," $12,499 ",12319,1025
SAMSUNG Galaxy F15 5G ,Groovy Violet, 128 GB,56%," $12,499 ",12319,1025
SAMSUNG Galaxy F15 5G ,Jazzy Green, 128 GB,37%," $12,499 ",12319,1025
SAMSUNG Galaxy F15 5G ,Groovy Violet, 128 GB,55%," $12,499 ",12319,1025
SAMSUNG Galaxy F15 5G ,Jazzy Green, 128 GB,36%," $12,499 ",12319,1025
SAMSUNG Galaxy F15 5G ,Groovy Violet, 128 GB,25%," $12,499 ",12319,1025
SAMSUNG Galaxy F15 5G ,Jazzy Green, 128 GB,21%," $12,499 ",12319,1025
SAMSUNG Galaxy F15 5G ,Groovy Violet, 128 GB,21%," $12,499 ",12319,1025
SAMSUNG Galaxy F15 5G ,Jazzy Green, 128 GB,32%," $12,499 ",12319,1025
SAMSUNG Galaxy F15 5G ,Groovy Violet, 128 GB,25%," $12,499 ",12319,1025
SAMSUNG Galaxy F15 5G ,Jazzy Green, 128 GB,40%," $12,499 ",12319,1025
SAMSUNG Galaxy F15 5G ,Groovy Violet, 128 GB,25%," $12,499 ",12319,1025
SAMSUNG Galaxy F15 5G ,Jazzy Green, 128 GB,25%," $12,499 ",12319,1025
SAMSUNG Galaxy F15 5G ,Groovy Violet, 128 GB,23%," $12,499 ",12319,1025
SAMSUNG Galaxy F15 5G ,Jazzy Green, 128 GB,40%," $12,499 ",12319,1025
SAMSUNG Galaxy F15 5G ,Groovy Violet, 128 GB,16%," $12,499 ",12319,1025
SAMSUNG Galaxy F15 5G ,Jazzy Green, 128 GB,21%," $12,499 ",12319,1025
SAMSUNG Galaxy F15 5G ,Groovy Violet, 128 GB,38%," $12,499 ",12319,1025
SAMSUNG Galaxy F15 5G ,Jazzy Green, 128 GB,25%," $12,499 ",12319,1025
SAMSUNG Galaxy F15 5G ,Groovy Violet, 128 GB,37%," $12,499 ",12319,1025
SAMSUNG Galaxy F15 5G ,Jazzy Green, 128 GB,36%," $12,499 ",12319,1025
SAMSUNG Galaxy F15 5G ,Groovy Violet, 128 GB,23%," $12,499 ",12319,1025
SAMSUNG Galaxy F15 5G ,Jazzy Green, 128 GB,17%," $12,499 ",12319,1025
SAMSUNG Galaxy F15 5G ,Groovy Violet, 128 GB,40%," $12,499 ",12319,1025
SAMSUNG Galaxy F15 5G ,Jazzy Green, 128 GB,38%," $12,499 ",12319,1025
SAMSUNG Galaxy F15 5G ,Groovy Violet, 128 GB,25%," $12,499 ",12319,1025
SAMSUNG Galaxy F15 5G ,Jazzy Green, 128 GB,20%," $12,499 ",12319,1025
SAMSUNG Galaxy F15 5G ,Groovy Violet, 128 GB,56%," $12,499 ",12319,1025
SAMSUNG Galaxy F15 5G ,Jazzy Green, 128 GB,45%," $12,499 ",12319,1025
SAMSUNG Galaxy F15 5G ,Groovy Violet, 128 GB,55%," $12,499 ",12319,1025
SAMSUNG Galaxy F15 5G ,Jazzy Green, 128 GB,36%," $12,499 ",12319,1025
SAMSUNG Galaxy F15 5G ,Groovy Violet, 128 GB,25%," $12,499 ",12319,1025
SAMSUNG Galaxy M35 5G ,DayBreak Blue, 128 GB,39%," $14,936 ",6107,482
SAMSUNG Galaxy M35 5G ,Moonlight Blue, 128 GB,38%," $14,990 ",6107,482
SAMSUNG Galaxy M35 5G ,Thunder Grey, 128 GB,39%," $14,934 ",6107,482
SAMSUNG Galaxy M35 5G ,DayBreak Blue, 128 GB,25%," $14,936 ",6107,482
SAMSUNG Galaxy M35 5G ,Moonlight Blue, 128 GB,21%," $14,990 ",6107,482
SAMSUNG Galaxy M35 5G ,Thunder Grey, 128 GB,40%," $14,934 ",6107,482
SAMSUNG Galaxy M35 5G ,DayBreak Blue, 128 GB,19%," $14,936 ",6107,482
SAMSUNG Galaxy M35 5G ,Moonlight Blue, 128 GB,32%," $14,990 ",6107,482
SAMSUNG Galaxy M35 5G ,Thunder Grey, 128 GB,37%," $14,934 ",6107,482
SAMSUNG Galaxy M35 5G ,DayBreak Blue, 128 GB,40%," $14,936 ",6107,482
SAMSUNG Galaxy M35 5G ,Moonlight Blue, 128 GB,32%," $14,990 ",6107,482
SAMSUNG Galaxy M35 5G ,Thunder Grey, 128 GB,37%," $14,934 ",6107,482
SAMSUNG Galaxy M35 5G ,DayBreak Blue, 128 GB,23%," $14,936 ",6107,482
SAMSUNG Galaxy M35 5G ,Moonlight Blue, 128 GB,29%," $14,990 ",6107,482
SAMSUNG Galaxy M35 5G ,Thunder Grey, 128 GB,32%," $14,934 ",6107,482
SAMSUNG Galaxy M35 5G ,DayBreak Blue, 128 GB,39%," $14,936 ",6107,482
SAMSUNG Galaxy M35 5G ,Moonlight Blue, 128 GB,40%," $14,990 ",6107,482
SAMSUNG Galaxy M35 5G ,Thunder Grey, 128 GB,39%," $14,934 ",6107,482
SAMSUNG Galaxy M35 5G ,DayBreak Blue, 128 GB,38%," $14,936 ",6107,482
SAMSUNG Galaxy M35 5G ,Moonlight Blue, 128 GB,20%," $14,990 ",6107,482
SAMSUNG Galaxy M35 5G ,Thunder Grey, 128 GB,40%," $14,934 ",6107,482
SAMSUNG Galaxy M35 5G ,DayBreak Blue, 128 GB,21%," $14,936 ",6107,482
SAMSUNG Galaxy M35 5G ,Moonlight Blue, 128 GB,55%," $14,990 ",6107,482
SAMSUNG Galaxy M35 5G ,Thunder Grey, 128 GB,21%," $14,934 ",6107,482
SAMSUNG Galaxy M35 5G ,DayBreak Blue, 128 GB,25%," $14,936 ",6107,482
SAMSUNG Galaxy M35 5G ,Moonlight Blue, 128 GB,25%," $14,990 ",6107,482
SAMSUNG Galaxy M35 5G ,Thunder Grey, 128 GB,25%," $14,934 ",6107,482
SAMSUNG Galaxy M35 5G ,DayBreak Blue, 128 GB,21%," $14,936 ",6107,482
SAMSUNG Galaxy M35 5G ,Moonlight Blue, 128 GB,45%," $14,990 ",6107,482
SAMSUNG Galaxy M35 5G ,Thunder Grey, 128 GB,32%," $14,934 ",6107,482
SAMSUNG Galaxy M35 5G ,DayBreak Blue, 128 GB,16%," $14,936 ",6107,482
SAMSUNG Galaxy M35 5G ,Moonlight Blue, 128 GB,20%," $14,990 ",6107,482
SAMSUNG Galaxy M35 5G ,Thunder Grey, 128 GB,25%," $14,934 ",6107,482
SAMSUNG Galaxy M35 5G ,DayBreak Blue, 128 GB,40%," $14,936 ",6107,482
SAMSUNG Galaxy M35 5G ,Moonlight Blue, 128 GB,38%," $14,990 ",6107,482
SAMSUNG Galaxy M35 5G ,Thunder Grey, 128 GB,40%," $14,934 ",6107,482
SAMSUNG Galaxy M35 5G ,DayBreak Blue, 128 GB,21%," $14,936 ",6107,482
SAMSUNG Galaxy M35 5G ,Moonlight Blue, 128 GB,39%," $14,990 ",6107,482
SAMSUNG Galaxy M35 5G ,Thunder Grey, 128 GB,38%," $14,934 ",6107,482
SAMSUNG Galaxy M35 5G ,DayBreak Blue, 128 GB,25%," $14,936 ",6107,482
SAMSUNG Galaxy M35 5G ,Moonlight Blue, 128 GB,40%," $14,990 ",6107,482
SAMSUNG Galaxy M35 5G ,Thunder Grey, 128 GB,20%," $14,934 ",6107,482
SAMSUNG Galaxy M35 5G ,DayBreak Blue, 128 GB,39%," $14,936 ",6107,482
SAMSUNG Galaxy M35 5G ,Moonlight Blue, 128 GB,38%," $14,990 ",6107,482
SAMSUNG Galaxy M35 5G ,Thunder Grey, 128 GB,39%," $14,934 ",6107,482
SAMSUNG Galaxy M35 5G ,DayBreak Blue, 128 GB,37%," $14,936 ",6107,482
SAMSUNG Galaxy M35 5G ,Moonlight Blue, 128 GB,20%," $14,990 ",6107,482
SAMSUNG Galaxy M35 5G ,Thunder Grey, 128 GB,40%," $14,934 ",6107,482
SAMSUNG Galaxy M35 5G ,DayBreak Blue, 128 GB,40%," $14,936 ",6107,482
SAMSUNG Galaxy M35 5G ,Moonlight Blue, 128 GB,45%," $14,990 ",6107,482
SAMSUNG Galaxy M35 5G ,Thunder Grey, 128 GB,21%," $14,934 ",6107,482
SAMSUNG Galaxy M35 5G ,DayBreak Blue, 128 GB,29%," $14,936 ",6107,482
SAMSUNG Galaxy M35 5G ,Moonlight Blue, 128 GB,32%," $14,990 ",6107,482
SAMSUNG Galaxy M35 5G ,Thunder Grey, 128 GB,32%," $14,934 ",6107,482
SAMSUNG Galaxy M35 5G ,DayBreak Blue, 128 GB,16%," $14,936 ",6107,482
SAMSUNG Galaxy M35 5G ,Moonlight Blue, 128 GB,40%," $14,990 ",6107,482
SAMSUNG Galaxy M35 5G ,Thunder Grey, 128 GB,40%," $14,934 ",6107,482
SAMSUNG Galaxy M35 5G ,DayBreak Blue, 128 GB,39%," $14,936 ",6107,482
SAMSUNG Galaxy M35 5G ,Moonlight Blue, 128 GB,23%," $14,990 ",6107,482
SAMSUNG Galaxy M35 5G ,Thunder Grey, 128 GB,25%," $14,934 ",6107,482
SAMSUNG Galaxy M35 5G ,DayBreak Blue, 128 GB,40%," $14,936 ",6107,482
SAMSUNG Galaxy M35 5G ,Moonlight Blue, 128 GB,56%," $14,990 ",6107,482
SAMSUNG Galaxy M35 5G ,Thunder Grey, 128 GB,40%," $14,934 ",6107,482
SAMSUNG Galaxy M35 5G ,DayBreak Blue, 128 GB,21%," $14,936 ",6107,482
SAMSUNG Galaxy M35 5G ,Moonlight Blue, 128 GB,55%," $14,990 ",6107,482
SAMSUNG Galaxy M35 5G ,Thunder Grey, 128 GB,21%," $14,934 ",6107,482
SAMSUNG Galaxy M35 5G ,DayBreak Blue, 128 GB,25%," $14,936 ",6107,482
SAMSUNG Galaxy M35 5G ,Moonlight Blue, 128 GB,25%," $14,990 ",6107,482
SAMSUNG Galaxy M35 5G ,Thunder Grey, 128 GB,25%," $14,934 ",6107,482
SAMSUNG Galaxy M35 5G ,DayBreak Blue, 128 GB,21%," $14,936 ",6107,482
SAMSUNG Galaxy M35 5G ,Moonlight Blue, 128 GB,45%," $14,990 ",6107,482
SAMSUNG Galaxy M35 5G ,Thunder Grey, 128 GB,32%," $14,934 ",6107,482
SAMSUNG Galaxy M35 5G ,DayBreak Blue, 128 GB,25%," $14,936 ",6107,482
SAMSUNG Galaxy M35 5G ,Moonlight Blue, 128 GB,45%," $14,990 ",6107,482
SAMSUNG Galaxy M35 5G ,Thunder Grey, 128 GB,23%," $14,934 ",6107,482
SAMSUNG Galaxy M35 5G ,DayBreak Blue, 128 GB,40%," $14,936 ",6107,482
SAMSUNG Galaxy M35 5G ,Moonlight Blue, 128 GB,20%," $14,990 ",6107,482
SAMSUNG Galaxy M35 5G ,Thunder Grey, 128 GB,16%," $14,934 ",6107,482
SAMSUNG Galaxy M35 5G ,DayBreak Blue, 128 GB,21%," $14,936 ",6107,482
SAMSUNG Galaxy M35 5G ,Moonlight Blue, 128 GB,39%," $14,990 ",6107,482
SAMSUNG Galaxy M35 5G ,Thunder Grey, 128 GB,38%," $14,934 ",6107,482
SAMSUNG Galaxy M35 5G ,DayBreak Blue, 128 GB,25%," $14,936 ",6107,482
SAMSUNG Galaxy M35 5G ,Moonlight Blue, 128 GB,37%," $14,990 ",6107,482
SAMSUNG Galaxy M35 5G ,Thunder Grey, 128 GB,20%," $14,934 ",6107,482
SAMSUNG Galaxy M35 5G ,DayBreak Blue, 128 GB,39%," $14,936 ",6107,482
SAMSUNG Galaxy M35 5G ,Moonlight Blue, 128 GB,38%," $14,990 ",6107,482
SAMSUNG Galaxy M35 5G ,Thunder Grey, 128 GB,39%," $14,934 ",6107,482
SAMSUNG Galaxy M35 5G ,DayBreak Blue, 128 GB,37%," $14,936 ",6107,482
SAMSUNG Galaxy M35 5G ,Moonlight Blue, 128 GB,20%," $14,990 ",6107,482
SAMSUNG Galaxy M35 5G ,Thunder Grey, 128 GB,40%," $14,934 ",6107,482
SAMSUNG Galaxy M35 5G ,DayBreak Blue, 128 GB,45%," $14,936 ",6107,482
SAMSUNG Galaxy M35 5G ,Moonlight Blue, 128 GB,37%," $14,990 ",6107,482
SAMSUNG Galaxy M35 5G ,Thunder Grey, 128 GB,21%," $14,934 ",6107,482
SAMSUNG Galaxy M35 5G ,DayBreak Blue, 128 GB,29%," $14,936 ",6107,482
SAMSUNG Galaxy M35 5G ,Moonlight Blue, 128 GB,37%," $14,990 ",6107,482
SAMSUNG Galaxy M35 5G ,Thunder Grey, 128 GB,45%," $14,934 ",6107,482
SAMSUNG Galaxy M35 5G ,DayBreak Blue, 128 GB,16%," $14,936 ",6107,482
SAMSUNG Galaxy M35 5G ,Moonlight Blue, 128 GB,40%," $14,990 ",6107,482
SAMSUNG Galaxy M35 5G ,Thunder Grey, 128 GB,40%," $14,934 ",6107,482
SAMSUNG Galaxy M35 5G ,DayBreak Blue, 128 GB,39%," $14,936 ",6107,482
SAMSUNG Galaxy M35 5G ,Moonlight Blue, 128 GB,23%," $14,990 ",6107,482
SAMSUNG Galaxy M35 5G ,Thunder Grey, 128 GB,25%," $14,934 ",6107,482
SAMSUNG Galaxy M35 5G ,DayBreak Blue, 128 GB,37%," $14,936 ",6107,482
SAMSUNG Galaxy M35 5G ,Moonlight Blue, 128 GB,20%," $14,990 ",6107,482
SAMSUNG Galaxy M35 5G ,Thunder Grey, 128 GB,21%," $14,934 ",6107,482
SAMSUNG Galaxy M35 5G ,DayBreak Blue, 128 GB,55%," $14,936 ",6107,482
SAMSUNG Galaxy M35 5G ,Moonlight Blue, 128 GB,39%," $14,990 ",6107,482
SAMSUNG Galaxy M35 5G ,Thunder Grey, 128 GB,38%," $14,934 ",6107,482
SAMSUNG Galaxy M35 5G ,DayBreak Blue, 128 GB,32%," $14,936 ",6107,482
SAMSUNG Galaxy M35 5G ,Moonlight Blue, 128 GB,25%," $14,990 ",6107,482
SAMSUNG Galaxy M35 5G ,Thunder Grey, 128 GB,25%," $14,934 ",6107,482
SAMSUNG Galaxy M35 5G ,DayBreak Blue, 128 GB,21%," $14,936 ",6107,482
SAMSUNG Galaxy M35 5G ,Moonlight Blue, 128 GB,45%," $14,990 ",6107,482
SAMSUNG Galaxy M35 5G ,Thunder Grey, 128 GB,25%," $14,934 ",6107,482
SAMSUNG Galaxy M35 5G ,DayBreak Blue, 128 GB,16%," $14,936 ",6107,482
SAMSUNG Galaxy M35 5G ,Moonlight Blue, 128 GB,20%," $14,990 ",6107,482
SAMSUNG Galaxy M35 5G ,Thunder Grey, 128 GB,25%," $14,934 ",6107,482
SAMSUNG Galaxy M35 5G ,DayBreak Blue, 128 GB,40%," $14,936 ",6107,482
SAMSUNG Galaxy M35 5G ,Moonlight Blue, 128 GB,23%," $14,990 ",6107,482
SAMSUNG Galaxy M35 5G ,Thunder Grey, 128 GB,17%," $14,934 ",6107,482
SAMSUNG Galaxy M35 5G ,DayBreak Blue, 128 GB,21%," $14,936 ",6107,482
SAMSUNG Galaxy M35 5G ,Moonlight Blue, 128 GB,39%," $14,990 ",6107,482
SAMSUNG Galaxy M35 5G ,Thunder Grey, 128 GB,38%," $14,934 ",6107,482
SAMSUNG Galaxy M35 5G ,DayBreak Blue, 128 GB,25%," $14,936 ",6107,482
SAMSUNG Galaxy M35 5G ,Moonlight Blue, 128 GB,37%," $14,990 ",6107,482
SAMSUNG Galaxy M35 5G ,Thunder Grey, 128 GB,20%," $14,934 ",6107,482
SAMSUNG Galaxy S24+ 5G ,Cobalt Violet, 256 GB,40%," $59,999 ",4036,302
SAMSUNG Galaxy S24+ 5G ,Onyx Black, 256 GB,40%," $59,999 ",4036,302
SAMSUNG Galaxy S24+ 5G ,Cobalt Violet, 256 GB,40%," $59,999 ",4036,302
SAMSUNG Galaxy S24+ 5G ,Onyx Black, 256 GB,21%," $59,999 ",4036,302
SAMSUNG Galaxy S24+ 5G ,Cobalt Violet, 256 GB,37%," $59,999 ",4036,302
SAMSUNG Galaxy S24+ 5G ,Onyx Black, 256 GB,25%," $59,999 ",4036,302
SAMSUNG Galaxy S24+ 5G ,Cobalt Violet, 256 GB,23%," $59,999 ",4036,302
SAMSUNG Galaxy S24+ 5G ,Onyx Black, 256 GB,25%," $59,999 ",4036,302
SAMSUNG Galaxy S24+ 5G ,Cobalt Violet, 256 GB,40%," $59,999 ",4036,302
SAMSUNG Galaxy S24+ 5G ,Onyx Black, 256 GB,17%," $59,999 ",4036,302
SAMSUNG Galaxy S24+ 5G ,Cobalt Violet, 256 GB,40%," $59,999 ",4036,302
SAMSUNG Galaxy S24+ 5G ,Onyx Black, 256 GB,16%," $59,999 ",4036,302
SAMSUNG Galaxy S24+ 5G ,Cobalt Violet, 256 GB,21%," $59,999 ",4036,302
SAMSUNG Galaxy S24+ 5G ,Onyx Black, 256 GB,23%," $59,999 ",4036,302
SAMSUNG Galaxy S24+ 5G ,Cobalt Violet, 256 GB,25%," $59,999 ",4036,302
SAMSUNG Galaxy S24+ 5G ,Onyx Black, 256 GB,20%," $59,999 ",4036,302
SAMSUNG Galaxy S24+ 5G ,Cobalt Violet, 256 GB,32%," $59,999 ",4036,302
SAMSUNG Galaxy S24+ 5G ,Onyx Black, 256 GB,45%," $59,999 ",4036,302
SAMSUNG Galaxy S24+ 5G ,Cobalt Violet, 256 GB,25%," $59,999 ",4036,302
SAMSUNG Galaxy S24+ 5G ,Onyx Black, 256 GB,36%," $59,999 ",4036,302
SAMSUNG Galaxy S24+ 5G ,Cobalt Violet, 256 GB,17%," $59,999 ",4036,302
SAMSUNG Galaxy S24+ 5G ,Onyx Black, 256 GB,40%," $59,999 ",4036,302
SAMSUNG Galaxy S24+ 5G ,Cobalt Violet, 256 GB,21%," $59,999 ",4036,302
SAMSUNG Galaxy S24+ 5G ,Onyx Black, 256 GB,23%," $59,999 ",4036,302
SAMSUNG Galaxy S24+ 5G ,Cobalt Violet, 256 GB,20%," $59,999 ",4036,302
SAMSUNG Galaxy S24+ 5G ,Onyx Black, 256 GB,56%," $59,999 ",4036,302
SAMSUNG Galaxy S24+ 5G ,Cobalt Violet, 256 GB,45%," $59,999 ",4036,302
SAMSUNG Galaxy S24+ 5G ,Onyx Black, 256 GB,39%," $59,999 ",4036,302
SAMSUNG Galaxy S24+ 5G ,Cobalt Violet, 256 GB,40%," $59,999 ",4036,302
SAMSUNG Galaxy S24+ 5G ,Onyx Black, 256 GB,40%," $59,999 ",4036,302
SAMSUNG Galaxy S24+ 5G ,Cobalt Violet, 256 GB,21%," $59,999 ",4036,302
SAMSUNG Galaxy S24+ 5G ,Onyx Black, 256 GB,21%," $59,999 ",4036,302
SAMSUNG Galaxy S24+ 5G ,Cobalt Violet, 256 GB,25%," $59,999 ",4036,302
SAMSUNG Galaxy S24+ 5G ,Onyx Black, 256 GB,25%," $59,999 ",4036,302
SAMSUNG Galaxy S24+ 5G ,Cobalt Violet, 256 GB,40%," $59,999 ",4036,302
SAMSUNG Galaxy S24+ 5G ,Onyx Black, 256 GB,25%," $59,999 ",4036,302
SAMSUNG Galaxy S24+ 5G ,Cobalt Violet, 256 GB,25%," $59,999 ",4036,302
SAMSUNG Galaxy S24+ 5G ,Onyx Black, 256 GB,23%," $59,999 ",4036,302
SAMSUNG Galaxy S24+ 5G ,Cobalt Violet, 256 GB,40%," $59,999 ",4036,302
SAMSUNG Galaxy S24+ 5G ,Onyx Black, 256 GB,16%," $59,999 ",4036,302
SAMSUNG Galaxy S24+ 5G ,Cobalt Violet, 256 GB,21%," $59,999 ",4036,302
SAMSUNG Galaxy S24+ 5G ,Onyx Black, 256 GB,38%," $59,999 ",4036,302
SAMSUNG Galaxy S24+ 5G ,Cobalt Violet, 256 GB,25%," $59,999 ",4036,302
SAMSUNG Galaxy S24+ 5G ,Onyx Black, 256 GB,20%," $59,999 ",4036,302
SAMSUNG Galaxy S24+ 5G ,Cobalt Violet, 256 GB,32%," $59,999 ",4036,302
SAMSUNG Galaxy S24+ 5G ,Onyx Black, 256 GB,45%," $59,999 ",4036,302
SAMSUNG Galaxy S24+ 5G ,Cobalt Violet, 256 GB,25%," $59,999 ",4036,302
SAMSUNG Galaxy S24+ 5G ,Onyx Black, 256 GB,36%," $59,999 ",4036,302
SAMSUNG Galaxy S24+ 5G ,Cobalt Violet, 256 GB,16%," $59,999 ",4036,302
SAMSUNG Galaxy S24+ 5G ,Onyx Black, 256 GB,40%," $59,999 ",4036,302
SAMSUNG Galaxy S24+ 5G ,Cobalt Violet, 256 GB,38%," $59,999 ",4036,302
SAMSUNG Galaxy S24+ 5G ,Onyx Black, 256 GB,23%," $59,999 ",4036,302
SAMSUNG Galaxy S24+ 5G ,Cobalt Violet, 256 GB,20%," $59,999 ",4036,302
SAMSUNG Galaxy S24+ 5G ,Onyx Black, 256 GB,56%," $59,999 ",4036,302
SAMSUNG Galaxy S24+ 5G ,Cobalt Violet, 256 GB,45%," $59,999 ",4036,302
SAMSUNG Galaxy S24+ 5G ,Onyx Black, 256 GB,55%," $59,999 ",4036,302
SAMSUNG Galaxy S24+ 5G ,Cobalt Violet, 256 GB,40%," $59,999 ",4036,302
SAMSUNG Galaxy S24+ 5G ,Onyx Black, 256 GB,40%," $59,999 ",4036,302
SAMSUNG Galaxy S24+ 5G ,Cobalt Violet, 256 GB,21%," $59,999 ",4036,302
SAMSUNG Galaxy S24+ 5G ,Onyx Black, 256 GB,21%," $59,999 ",4036,302
SAMSUNG Galaxy S24+ 5G ,Cobalt Violet, 256 GB,32%," $59,999 ",4036,302
SAMSUNG Galaxy S24+ 5G ,Onyx Black, 256 GB,25%," $59,999 ",4036,302
SAMSUNG Galaxy S24+ 5G ,Cobalt Violet, 256 GB,40%," $59,999 ",4036,302
SAMSUNG Galaxy S24+ 5G ,Onyx Black, 256 GB,37%," $59,999 ",4036,302
SAMSUNG Galaxy S24+ 5G ,Cobalt Violet, 256 GB,25%," $59,999 ",4036,302
SAMSUNG Galaxy S24+ 5G ,Onyx Black, 256 GB,23%," $59,999 ",4036,302
SAMSUNG Galaxy S24+ 5G ,Cobalt Violet, 256 GB,40%," $59,999 ",4036,302
SAMSUNG Galaxy S24+ 5G ,Onyx Black, 256 GB,16%," $59,999 ",4036,302
SAMSUNG Galaxy S24+ 5G ,Cobalt Violet, 256 GB,21%," $59,999 ",4036,302
SAMSUNG Galaxy S24+ 5G ,Onyx Black, 256 GB,39%," $59,999 ",4036,302
SAMSUNG Galaxy S24+ 5G ,Cobalt Violet, 256 GB,37%," $59,999 ",4036,302
SAMSUNG Galaxy S24+ 5G ,Onyx Black, 256 GB,56%," $59,999 ",4036,302
SAMSUNG Galaxy S24+ 5G ,Cobalt Violet, 256 GB,31%," $59,999 ",4036,302
SAMSUNG Galaxy S24+ 5G ,Onyx Black, 256 GB,37%," $59,999 ",4036,302
SAMSUNG Galaxy S24+ 5G ,Cobalt Violet, 256 GB,25%," $59,999 ",4036,302
SAMSUNG Galaxy S24+ 5G ,Onyx Black, 256 GB,36%," $59,999 ",4036,302
SAMSUNG Galaxy S24+ 5G ,Cobalt Violet, 256 GB,17%," $59,999 ",4036,302
SAMSUNG Galaxy S24+ 5G ,Onyx Black, 256 GB,40%," $59,999 ",4036,302
SAMSUNG Galaxy S24+ 5G ,Cobalt Violet, 256 GB,38%," $59,999 ",4036,302
SAMSUNG Galaxy S24+ 5G ,Onyx Black, 256 GB,25%," $59,999 ",4036,302
SAMSUNG Galaxy S24+ 5G ,Cobalt Violet, 256 GB,20%," $59,999 ",4036,302
SAMSUNG Galaxy S24+ 5G ,Onyx Black, 256 GB,56%," $59,999 ",4036,302
SAMSUNG Galaxy S24+ 5G ,Cobalt Violet, 256 GB,45%," $59,999 ",4036,302
SAMSUNG Galaxy S24+ 5G ,Onyx Black, 256 GB,55%," $59,999 ",4036,302
SAMSUNG Galaxy A35 5G ,Awesome Navy, 128 GB,23%," $25,999 ",3657,270
SAMSUNG Galaxy A35 5G ,Awesome Iceblue, 128 GB,23%," $25,999 ",3657,270
SAMSUNG Galaxy A35 5G ,Awesome Lilac, 256 GB,21%," $28,999 ",3657,270
SAMSUNG Galaxy A35 5G ,Awesome Navy, 128 GB,20%," $25,999 ",3657,270
SAMSUNG Galaxy A35 5G ,Awesome Iceblue, 128 GB,16%," $25,999 ",3657,270
SAMSUNG Galaxy A35 5G ,Awesome Lilac, 256 GB,29%," $28,999 ",3657,270
SAMSUNG Galaxy A35 5G ,Awesome Navy, 128 GB,29%," $25,999 ",3657,270
SAMSUNG Galaxy A35 5G ,Awesome Iceblue, 128 GB,38%," $25,999 ",3657,270
SAMSUNG Galaxy A35 5G ,Awesome Lilac, 256 GB,16%," $28,999 ",3657,270
SAMSUNG Galaxy A35 5G ,Awesome Navy, 128 GB,21%," $25,999 ",3657,270
SAMSUNG Galaxy A35 5G ,Awesome Iceblue, 128 GB,21%," $25,999 ",3657,270
SAMSUNG Galaxy A35 5G ,Awesome Lilac, 256 GB,20%," $28,999 ",3657,270
SAMSUNG Galaxy A35 5G ,Awesome Navy, 128 GB,19%," $25,999 ",3657,270
SAMSUNG Galaxy A35 5G ,Awesome Iceblue, 128 GB,29%," $25,999 ",3657,270
SAMSUNG Galaxy A35 5G ,Awesome Navy, 128 GB,23%," $25,999 ",3657,270
SAMSUNG Galaxy A35 5G ,Awesome Iceblue, 128 GB,40%," $25,999 ",3657,270
SAMSUNG Galaxy A35 5G ,Awesome Lilac, 256 GB,37%," $28,999 ",3657,270
SAMSUNG Galaxy A35 5G ,Awesome Navy, 128 GB,16%," $25,999 ",3657,270
SAMSUNG Galaxy A35 5G ,Awesome Iceblue, 128 GB,40%," $25,999 ",3657,270
SAMSUNG Galaxy A35 5G ,Awesome Lilac, 256 GB,17%," $28,999 ",3657,270
SAMSUNG Galaxy A35 5G ,Awesome Navy, 128 GB,40%," $25,999 ",3657,270
SAMSUNG Galaxy A35 5G ,Awesome Iceblue, 128 GB,40%," $25,999 ",3657,270
SAMSUNG Galaxy A35 5G ,Awesome Lilac, 256 GB,17%," $28,999 ",3657,270
SAMSUNG Galaxy A35 5G ,Awesome Navy, 128 GB,21%," $25,999 ",3657,270
SAMSUNG Galaxy A35 5G ,Awesome Iceblue, 128 GB,21%," $25,999 ",3657,270
SAMSUNG Galaxy A35 5G ,Awesome Lilac, 256 GB,38%," $28,999 ",3657,270
SAMSUNG Galaxy A35 5G ,Awesome Navy, 128 GB,40%," $25,999 ",3657,270
SAMSUNG Galaxy A35 5G ,Awesome Iceblue, 128 GB,55%," $25,999 ",3657,270
SAMSUNG Galaxy A35 5G ,Awesome Navy, 128 GB,21%," $25,999 ",3657,270
SAMSUNG Galaxy A35 5G ,Awesome Iceblue, 128 GB,32%," $25,999 ",3657,270
SAMSUNG Galaxy A35 5G ,Awesome Lilac, 256 GB,45%," $28,999 ",3657,270
SAMSUNG Galaxy A35 5G ,Awesome Navy, 128 GB,20%," $25,999 ",3657,270
SAMSUNG Galaxy A35 5G ,Awesome Iceblue, 128 GB,23%," $25,999 ",3657,270
SAMSUNG Galaxy A35 5G ,Awesome Lilac, 256 GB,29%," $28,999 ",3657,270
SAMSUNG Galaxy A35 5G ,Awesome Navy, 128 GB,40%," $25,999 ",3657,270
SAMSUNG Galaxy A35 5G ,Awesome Iceblue, 128 GB,17%," $25,999 ",3657,270
SAMSUNG Galaxy A35 5G ,Awesome Lilac, 256 GB,40%," $28,999 ",3657,270
SAMSUNG Galaxy A35 5G ,Awesome Navy, 128 GB,21%," $25,999 ",3657,270
SAMSUNG Galaxy A35 5G ,Awesome Iceblue, 128 GB,23%," $25,999 ",3657,270
SAMSUNG Galaxy A35 5G ,Awesome Lilac, 256 GB,16%," $28,999 ",3657,270
SAMSUNG Galaxy A35 5G ,Awesome Navy, 128 GB,23%," $25,999 ",3657,270
SAMSUNG Galaxy A35 5G ,Awesome Iceblue, 128 GB,23%," $25,999 ",3657,270
SAMSUNG Galaxy A35 5G ,Awesome Lilac, 256 GB,21%," $28,999 ",3657,270
SAMSUNG Galaxy A35 5G ,Awesome Navy, 128 GB,39%," $25,999 ",3657,270
SAMSUNG Galaxy A35 5G ,Awesome Iceblue, 128 GB,39%," $25,999 ",3657,270
SAMSUNG Galaxy A35 5G ,Awesome Lilac, 256 GB,16%," $28,999 ",3657,270
SAMSUNG Galaxy A35 5G ,Awesome Navy, 128 GB,55%," $25,999 ",3657,270
SAMSUNG Galaxy A35 5G ,Awesome Iceblue, 128 GB,38%," $25,999 ",3657,270
SAMSUNG Galaxy A35 5G ,Awesome Navy, 128 GB,29%," $25,999 ",3657,270
SAMSUNG Galaxy A35 5G ,Awesome Iceblue, 128 GB,20%," $25,999 ",3657,270
SAMSUNG Galaxy A35 5G ,Awesome Navy, 128 GB,17%," $25,999 ",3657,270
SAMSUNG Galaxy A35 5G ,Awesome Iceblue, 128 GB,37%," $25,999 ",3657,270
SAMSUNG Galaxy A35 5G ,Awesome Navy, 128 GB,45%," $25,999 ",3657,270
SAMSUNG Galaxy A35 5G ,Awesome Iceblue, 128 GB,32%," $25,999 ",3657,270
SAMSUNG Galaxy A35 5G ,Awesome Navy, 128 GB,39%," $25,999 ",3657,270
SAMSUNG Galaxy A35 5G ,Awesome Iceblue, 128 GB,25%," $25,999 ",3657,270
SAMSUNG Galaxy A35 5G ,Awesome Lilac, 256 GB,23%," $28,999 ",3657,270
SAMSUNG Galaxy A35 5G ,Awesome Navy, 128 GB,40%," $25,999 ",3657,270
SAMSUNG Galaxy A35 5G ,Awesome Iceblue, 128 GB,40%," $25,999 ",3657,270
SAMSUNG Galaxy A35 5G ,Awesome Lilac, 256 GB,17%," $28,999 ",3657,270
SAMSUNG Galaxy A35 5G ,Awesome Navy, 128 GB,37%," $25,999 ",3657,270
SAMSUNG Galaxy A35 5G ,Awesome Iceblue, 128 GB,56%," $25,999 ",3657,270
SAMSUNG Galaxy A35 5G ,Awesome Navy, 128 GB,40%," $25,999 ",3657,270
SAMSUNG Galaxy A35 5G ,Awesome Iceblue, 128 GB,55%," $25,999 ",3657,270
SAMSUNG Galaxy A35 5G ,Awesome Navy, 128 GB,40%," $25,999 ",3657,270
SAMSUNG Galaxy A35 5G ,Awesome Iceblue, 128 GB,25%," $25,999 ",3657,270
SAMSUNG Galaxy A35 5G ,Awesome Lilac, 256 GB,37%," $28,999 ",3657,270
SAMSUNG Galaxy A35 5G ,Awesome Navy, 128 GB,25%," $25,999 ",3657,270
SAMSUNG Galaxy A35 5G ,Awesome Iceblue, 128 GB,23%," $25,999 ",3657,270
SAMSUNG Galaxy A35 5G ,Awesome Lilac, 256 GB,32%," $28,999 ",3657,270
SAMSUNG Galaxy A35 5G ,Awesome Navy, 128 GB,40%," $25,999 ",3657,270
SAMSUNG Galaxy A35 5G ,Awesome Iceblue, 128 GB,17%," $25,999 ",3657,270
SAMSUNG Galaxy A35 5G ,Awesome Lilac, 256 GB,40%," $28,999 ",3657,270
SAMSUNG Galaxy A35 5G ,Awesome Navy, 128 GB,21%," $25,999 ",3657,270
SAMSUNG Galaxy A35 5G ,Awesome Iceblue, 128 GB,38%," $25,999 ",3657,270
SAMSUNG Galaxy A35 5G ,Awesome Lilac, 256 GB,25%," $28,999 ",3657,270
SAMSUNG Galaxy A35 5G ,Awesome Navy, 128 GB,23%," $25,999 ",3657,270
SAMSUNG Galaxy A35 5G ,Awesome Iceblue, 128 GB,23%," $25,999 ",3657,270
SAMSUNG Galaxy A35 5G ,Awesome Navy, 128 GB,56%," $25,999 ",3657,270
SAMSUNG Galaxy A35 5G ,Awesome Iceblue, 128 GB,16%," $25,999 ",3657,270
SAMSUNG Galaxy A35 5G ,Awesome Navy, 128 GB,55%," $25,999 ",3657,270
SAMSUNG Galaxy A35 5G ,Awesome Iceblue, 128 GB,38%," $25,999 ",3657,270
SAMSUNG Galaxy A35 5G ,Awesome Navy, 128 GB,37%," $25,999 ",3657,270
SAMSUNG Galaxy A35 5G ,Awesome Iceblue, 128 GB,20%," $25,999 ",3657,270
SAMSUNG Galaxy A35 5G ,Awesome Navy, 128 GB,17%," $25,999 ",3657,270
SAMSUNG Galaxy A35 5G ,Awesome Iceblue, 128 GB,37%," $25,999 ",3657,270
SAMSUNG Galaxy A35 5G ,Awesome Navy, 128 GB,45%," $25,999 ",3657,270
SAMSUNG Galaxy A35 5G ,Awesome Iceblue, 128 GB,32%," $25,999 ",3657,270
SAMSUNG Galaxy A35 5G ,Awesome Navy, 128 GB,40%," $25,999 ",3657,270
SAMSUNG Galaxy A35 5G ,Awesome Iceblue, 128 GB,39%," $25,999 ",3657,270
SAMSUNG Galaxy A35 5G ,Awesome Lilac, 256 GB,25%," $28,999 ",3657,270
SAMSUNG Galaxy A35 5G ,Awesome Navy, 128 GB,39%," $25,999 ",3657,270
SAMSUNG Galaxy A35 5G ,Awesome Iceblue, 128 GB,17%," $25,999 ",3657,270
SAMSUNG Galaxy A35 5G ,Awesome Lilac, 256 GB,40%," $28,999 ",3657,270
SAMSUNG Galaxy A35 5G ,Awesome Navy, 128 GB,21%," $25,999 ",3657,270
SAMSUNG Galaxy A35 5G ,Awesome Iceblue, 128 GB,21%," $25,999 ",3657,270
SAMSUNG Galaxy A35 5G ,Awesome Lilac, 256 GB,38%," $28,999 ",3657,270
SAMSUNG Galaxy A35 5G ,Awesome Navy, 128 GB,32%," $25,999 ",3657,270
SAMSUNG Galaxy A35 5G ,Awesome Iceblue, 128 GB,25%," $25,999 ",3657,270
SAMSUNG Galaxy A35 5G ,Awesome Lilac, 256 GB,20%," $28,999 ",3657,270
SAMSUNG Galaxy A35 5G ,Awesome Navy, 128 GB,21%," $25,999 ",3657,270
SAMSUNG Galaxy A35 5G ,Awesome Iceblue, 128 GB,25%," $25,999 ",3657,270
SAMSUNG Galaxy A35 5G ,Awesome Lilac, 256 GB,45%," $28,999 ",3657,270
SAMSUNG Galaxy A35 5G ,Awesome Navy, 128 GB,16%," $25,999 ",3657,270
SAMSUNG Galaxy A35 5G ,Awesome Iceblue, 128 GB,25%," $25,999 ",3657,270
SAMSUNG Galaxy A35 5G ,Awesome Lilac, 256 GB,36%," $28,999 ",3657,270
SAMSUNG Galaxy A35 5G ,Awesome Navy, 128 GB,39%," $25,999 ",3657,270
SAMSUNG Galaxy A35 5G ,Awesome Iceblue, 128 GB,20%," $25,999 ",3657,270
SAMSUNG Galaxy A35 5G ,Awesome Navy, 128 GB,40%," $25,999 ",3657,270
SAMSUNG Galaxy A35 5G ,Awesome Iceblue, 128 GB,23%," $25,999 ",3657,270
SAMSUNG Galaxy M14 4G ,Sapphire Blue, 64 GB,40%," $8,298 ",2507,100
SAMSUNG Galaxy M14 4G ,Arctic Blue, 64 GB,40%," $8,345 ",2507,100
SAMSUNG Galaxy M14 4G ,Sapphire Blue, 64 GB,25%," $8,298 ",2507,100
SAMSUNG Galaxy M14 4G ,Arctic Blue, 64 GB,21%," $8,345 ",2507,100
SAMSUNG Galaxy M14 4G ,Sapphire Blue, 64 GB,39%," $8,298 ",2507,100
SAMSUNG Galaxy M14 4G ,Arctic Blue, 64 GB,25%," $8,345 ",2507,100
SAMSUNG Galaxy M14 4G ,Sapphire Blue, 64 GB,40%," $8,298 ",2507,100
SAMSUNG Galaxy M14 4G ,Arctic Blue, 64 GB,45%," $8,345 ",2507,100
SAMSUNG Galaxy M14 4G ,Sapphire Blue, 64 GB,25%," $8,298 ",2507,100
SAMSUNG Galaxy M14 4G ,Arctic Blue, 64 GB,23%," $8,345 ",2507,100
SAMSUNG Galaxy M14 4G ,Sapphire Blue, 64 GB,29%," $8,298 ",2507,100
SAMSUNG Galaxy M14 4G ,Sapphire Blue, 64 GB,40%," $8,298 ",2507,100
SAMSUNG Galaxy M14 4G ,Sapphire Blue, 64 GB,23%," $8,298 ",2507,100
SAMSUNG Galaxy M14 4G ,Sapphire Blue, 64 GB,39%," $8,298 ",2507,100
SAMSUNG Galaxy M14 4G ,Arctic Blue, 64 GB,37%," $8,345 ",2507,100
SAMSUNG Galaxy M14 4G ,Sapphire Blue, 64 GB,20%," $8,298 ",2507,100
SAMSUNG Galaxy M14 4G ,Sapphire Blue, 64 GB,40%," $8,298 ",2507,100
SAMSUNG Galaxy M14 4G ,Arctic Blue, 64 GB,40%," $8,345 ",2507,100
SAMSUNG Galaxy M14 4G ,Sapphire Blue, 64 GB,40%," $8,298 ",2507,100
SAMSUNG Galaxy M14 4G ,Sapphire Blue, 64 GB,23%," $8,298 ",2507,100
SAMSUNG Galaxy M14 4G ,Sapphire Blue, 64 GB,16%," $8,298 ",2507,100
SAMSUNG Galaxy M14 4G ,Arctic Blue, 64 GB,40%," $8,345 ",2507,100
SAMSUNG Galaxy M14 4G ,Sapphire Blue, 64 GB,40%," $8,298 ",2507,100
SAMSUNG Galaxy M14 4G ,Sapphire Blue, 64 GB,25%," $8,298 ",2507,100
SAMSUNG Galaxy M14 4G ,Arctic Blue, 64 GB,56%," $8,345 ",2507,100
SAMSUNG Galaxy M14 4G ,Sapphire Blue, 64 GB,40%," $8,298 ",2507,100
SAMSUNG Galaxy M14 4G ,Arctic Blue, 64 GB,55%," $8,345 ",2507,100
SAMSUNG Galaxy M14 4G ,Sapphire Blue, 64 GB,21%," $8,298 ",2507,100
SAMSUNG Galaxy M14 4G ,Arctic Blue, 64 GB,29%," $8,345 ",2507,100
SAMSUNG Galaxy M14 4G ,Sapphire Blue, 64 GB,25%," $8,298 ",2507,100
SAMSUNG Galaxy M14 4G ,Arctic Blue, 64 GB,17%," $8,345 ",2507,100
SAMSUNG Galaxy M14 4G ,Sapphire Blue, 64 GB,25%," $8,298 ",2507,100
SAMSUNG Galaxy M14 4G ,Sapphire Blue, 64 GB,45%," $8,298 ",2507,100
SAMSUNG Galaxy M14 4G ,Sapphire Blue, 64 GB,23%," $8,298 ",2507,100
SAMSUNG Galaxy M14 4G ,Arctic Blue, 64 GB,39%," $8,345 ",2507,100
SAMSUNG Galaxy M14 4G ,Sapphire Blue, 64 GB,38%," $8,298 ",2507,100
SAMSUNG Galaxy M14 4G ,Arctic Blue, 64 GB,37%," $8,345 ",2507,100
SAMSUNG Galaxy M14 4G ,Sapphire Blue, 64 GB,20%," $8,298 ",2507,100
SAMSUNG Galaxy M14 4G ,Sapphire Blue, 64 GB,45%," $8,298 ",2507,100
SAMSUNG Galaxy M14 4G ,Sapphire Blue, 64 GB,29%," $8,298 ",2507,100
SAMSUNG Galaxy M14 4G ,Sapphire Blue, 64 GB,23%," $8,298 ",2507,100
SAMSUNG Galaxy M14 4G ,Sapphire Blue, 64 GB,39%," $8,298 ",2507,100
SAMSUNG Galaxy M14 4G ,Arctic Blue, 64 GB,40%," $8,345 ",2507,100
SAMSUNG Galaxy M14 4G ,Sapphire Blue, 64 GB,40%," $8,298 ",2507,100
SAMSUNG Galaxy M14 4G ,Arctic Blue, 64 GB,23%," $8,345 ",2507,100
SAMSUNG Galaxy M14 4G ,Sapphire Blue, 64 GB,25%," $8,298 ",2507,100
SAMSUNG Galaxy M14 4G ,Arctic Blue, 64 GB,56%," $8,345 ",2507,100
SAMSUNG Galaxy M14 4G ,Sapphire Blue, 64 GB,40%," $8,298 ",2507,100
SAMSUNG Galaxy M14 4G ,Arctic Blue, 64 GB,55%," $8,345 ",2507,100
SAMSUNG Galaxy M14 4G ,Sapphire Blue, 64 GB,21%," $8,298 ",2507,100
SAMSUNG Galaxy M14 4G ,Arctic Blue, 64 GB,29%," $8,345 ",2507,100
SAMSUNG Galaxy M14 4G ,Sapphire Blue, 64 GB,25%," $8,298 ",2507,100
SAMSUNG Galaxy M14 4G ,Arctic Blue, 64 GB,17%," $8,345 ",2507,100
SAMSUNG Galaxy M14 4G ,Sapphire Blue, 64 GB,25%," $8,298 ",2507,100
SAMSUNG Galaxy M14 4G ,Sapphire Blue, 64 GB,23%," $8,298 ",2507,100
SAMSUNG Galaxy M14 4G ,Sapphire Blue, 64 GB,23%," $8,298 ",2507,100
SAMSUNG Galaxy M14 4G ,Sapphire Blue, 64 GB,39%," $8,298 ",2507,100
SAMSUNG Galaxy M14 4G ,Sapphire Blue, 64 GB,37%," $8,298 ",2507,100
SAMSUNG Galaxy M14 4G ,Sapphire Blue, 64 GB,40%," $8,298 ",2507,100
SAMSUNG Galaxy M14 4G ,Sapphire Blue, 64 GB,32%," $8,298 ",2507,100
SAMSUNG Galaxy M14 4G ,Arctic Blue, 64 GB,23%," $8,345 ",2507,100
SAMSUNG Galaxy M14 4G ,Sapphire Blue, 64 GB,40%," $8,298 ",2507,100
SAMSUNG Galaxy M14 4G ,Arctic Blue, 64 GB,39%," $8,345 ",2507,100
SAMSUNG Galaxy M14 4G ,Sapphire Blue, 64 GB,25%," $8,298 ",2507,100
SAMSUNG Galaxy A55 5G ,Awesome Iceblue, 256 GB,40%," $36,999 ",871,83
SAMSUNG Galaxy A55 5G ,Awesome Iceblue, 256 GB,25%," $36,999 ",871,83
SAMSUNG Galaxy A55 5G ,Awesome Iceblue, 256 GB,39%," $36,999 ",871,83
SAMSUNG Galaxy A55 5G ,Awesome Iceblue, 256 GB,29%," $36,999 ",871,83
SAMSUNG Galaxy A55 5G ,Awesome Iceblue, 256 GB,45%," $36,999 ",871,83
SAMSUNG Galaxy A55 5G ,Awesome Iceblue, 256 GB,19%," $36,999 ",871,83
SAMSUNG Galaxy A55 5G ,Awesome Iceblue, 256 GB,40%," $36,999 ",871,83
SAMSUNG Galaxy A16 5G ,Light Green, 128 GB,17%," $16,429 ",688,55
SAMSUNG Galaxy F55 5G ,Raisin Black, 256 GB,29%," $23,999 ",386,40
SAMSUNG M05 ,Mint Green, 64 GB,16%," $7,051 ",783,31
SAMSUNG M05 ,Mint Green, 64 GB,20%," $7,051 ",783,31
SAMSUNG M05 ,Mint Green, 64 GB,39%," $7,051 ",783,31
SAMSUNG M05 ,Mint Green, 64 GB,21%," $7,051 ",783,31
SAMSUNG M05 ,Mint Green, 64 GB,17%," $7,051 ",783,31
SAMSUNG M05 ,Mint Green, 64 GB,21%," $7,051 ",783,31
SAMSUNG M05 ,Mint Green, 64 GB,29%," $7,051 ",769,31
SAMSUNG M05 ,Mint Green, 64 GB,29%," $7,051 ",783,31
SAMSUNG M05 ,Mint Green, 64 GB,39%," $7,051 ",783,31
SAMSUNG M05 ,Mint Green, 64 GB,40%," $7,051 ",783,31
SAMSUNG M05 ,Mint Green, 64 GB,21%," $7,051 ",783,31
SAMSUNG M05 ,Mint Green, 64 GB,32%," $7,051 ",783,31
SAMSUNG M05 ,Mint Green, 64 GB,40%," $7,051 ",783,31
SAMSUNG M05 ,Mint Green, 64 GB,21%," $7,051 ",783,31
SAMSUNG M05 ,Mint Green, 64 GB,29%," $7,051 ",783,31
SAMSUNG M05 ,Mint Green, 64 GB,16%," $7,051 ",783,31
SAMSUNG M05 ,Mint Green, 64 GB,39%," $7,051 ",783,31
SAMSUNG M05 ,Mint Green, 64 GB,40%," $7,051 ",783,31
SAMSUNG M05 ,Mint Green, 64 GB,21%," $7,051 ",783,31
SAMSUNG M05 ,Mint Green, 64 GB,32%," $7,051 ",783,31
SAMSUNG M05 ,Mint Green, 64 GB,25%," $7,051 ",783,31
SAMSUNG M05 ,Mint Green, 64 GB,17%," $7,051 ",783,31
SAMSUNG Galaxy M35 5G ,DayBreak Blue, 128 GB,25%," $19,289 ",462,28
SAMSUNG Galaxy M35 5G ,Moonlight Blue, 256 GB,17%," $22,999 ",462,28
SAMSUNG Galaxy M35 5G ,DayBreak Blue, 256 GB,16%," $22,990 ",462,28
SAMSUNG Galaxy M35 5G ,Thunder Grey, 256 GB,20%," $21,989 ",462,28
SAMSUNG Galaxy M35 5G ,Thunder Grey, 256 GB,39%," $21,989 ",462,28
SAMSUNG Galaxy M35 5G ,DayBreak Blue, 256 GB,38%," $22,990 ",462,28
SAMSUNG Galaxy M35 5G ,DayBreak Blue, 128 GB,39%," $19,289 ",462,28
SAMSUNG Galaxy M35 5G ,Moonlight Blue, 256 GB,20%," $22,990 ",462,28
SAMSUNG Galaxy M35 5G ,Thunder Grey, 256 GB,45%," $21,989 ",462,28
SAMSUNG Galaxy M35 5G ,DayBreak Blue, 256 GB,21%," $22,990 ",462,28
SAMSUNG Galaxy M35 5G ,DayBreak Blue, 128 GB,40%," $19,289 ",462,28
SAMSUNG Galaxy M35 5G ,Moonlight Blue, 256 GB,39%," $22,990 ",462,28
SAMSUNG Galaxy M35 5G ,Thunder Grey, 256 GB,19%," $21,989 ",462,28
SAMSUNG Galaxy M35 5G ,DayBreak Blue, 256 GB,32%," $22,990 ",462,28
SAMSUNG Galaxy M35 5G ,DayBreak Blue, 128 GB,37%," $19,289 ",462,28
SAMSUNG Galaxy M35 5G ,Moonlight Blue, 256 GB,45%," $22,990 ",462,28
SAMSUNG Galaxy M35 5G ,Thunder Grey, 256 GB,37%," $21,989 ",462,28
SAMSUNG Galaxy M35 5G ,DayBreak Blue, 256 GB,21%," $22,990 ",462,28
SAMSUNG Galaxy M35 5G ,DayBreak Blue, 128 GB,25%," $19,289 ",462,28
SAMSUNG Galaxy M35 5G ,Moonlight Blue, 256 GB,32%," $22,990 ",462,28
SAMSUNG Galaxy M35 5G ,Thunder Grey, 256 GB,20%," $21,989 ",462,28
SAMSUNG Galaxy M35 5G ,DayBreak Blue, 256 GB,25%," $22,990 ",462,28
SAMSUNG Galaxy M35 5G ,DayBreak Blue, 128 GB,16%," $19,289 ",462,28
SAMSUNG Galaxy M35 5G ,Moonlight Blue, 256 GB,45%," $22,990 ",462,28
SAMSUNG Galaxy M35 5G ,DayBreak Blue, 128 GB,25%," $19,289 ",462,28
SAMSUNG Galaxy M35 5G ,Moonlight Blue, 256 GB,16%," $22,999 ",462,28
SAMSUNG Galaxy M35 5G ,DayBreak Blue, 256 GB,45%," $22,990 ",462,28
SAMSUNG Galaxy M35 5G ,Thunder Grey, 256 GB,23%," $21,989 ",462,28
SAMSUNG Galaxy M35 5G ,DayBreak Blue, 128 GB,39%," $19,289 ",462,28
SAMSUNG Galaxy M35 5G ,Moonlight Blue, 256 GB,56%," $22,999 ",462,28
SAMSUNG Galaxy M35 5G ,DayBreak Blue, 256 GB,38%," $22,990 ",462,28
SAMSUNG Galaxy M35 5G ,Thunder Grey, 256 GB,39%," $21,989 ",462,28
SAMSUNG Galaxy M35 5G ,DayBreak Blue, 128 GB,37%," $19,289 ",462,28
SAMSUNG Galaxy M35 5G ,Moonlight Blue, 256 GB,55%," $22,999 ",462,28
SAMSUNG Galaxy M35 5G ,DayBreak Blue, 256 GB,20%," $22,990 ",462,28
SAMSUNG Galaxy M35 5G ,Thunder Grey, 256 GB,40%," $21,989 ",462,28
SAMSUNG Galaxy M35 5G ,Thunder Grey, 256 GB,25%," $21,989 ",462,28
SAMSUNG Galaxy M35 5G ,DayBreak Blue, 256 GB,25%," $22,990 ",462,28
SAMSUNG Galaxy M35 5G ,DayBreak Blue, 128 GB,45%," $19,289 ",462,28
SAMSUNG Galaxy M35 5G ,Moonlight Blue, 256 GB,25%," $22,990 ",462,28
SAMSUNG Galaxy M35 5G ,DayBreak Blue, 128 GB,32%," $19,289 ",462,28
SAMSUNG Galaxy M35 5G ,Moonlight Blue, 256 GB,45%," $22,999 ",462,28
SAMSUNG Galaxy M35 5G ,DayBreak Blue, 256 GB,36%," $22,990 ",462,28
SAMSUNG Galaxy M35 5G ,Thunder Grey, 256 GB,25%," $21,989 ",462,28
SAMSUNG Galaxy M35 5G ,Thunder Grey, 256 GB,39%," $21,989 ",462,28
SAMSUNG Galaxy M35 5G ,DayBreak Blue, 256 GB,16%," $22,990 ",462,28
SAMSUNG Galaxy M35 5G ,DayBreak Blue, 128 GB,25%," $19,289 ",462,28
SAMSUNG Galaxy M35 5G ,Moonlight Blue, 256 GB,16%," $22,990 ",462,28
SAMSUNG Galaxy M35 5G ,DayBreak Blue, 128 GB,39%," $19,289 ",462,28
SAMSUNG Galaxy M35 5G ,Moonlight Blue, 256 GB,23%," $22,999 ",462,28
SAMSUNG Galaxy M35 5G ,DayBreak Blue, 256 GB,25%," $22,990 ",462,28
SAMSUNG Galaxy M35 5G ,Thunder Grey, 256 GB,16%," $21,989 ",462,28
SAMSUNG Galaxy M35 5G ,DayBreak Blue, 128 GB,38%," $19,289 ",462,28
SAMSUNG Galaxy M35 5G ,Moonlight Blue, 256 GB,39%," $22,999 ",462,28
SAMSUNG Galaxy M35 5G ,DayBreak Blue, 256 GB,20%," $22,990 ",462,28
SAMSUNG Galaxy M35 5G ,Thunder Grey, 256 GB,40%," $21,989 ",462,28
SAMSUNG Galaxy M35 5G ,Thunder Grey, 256 GB,20%," $21,989 ",462,28
SAMSUNG Galaxy M35 5G ,DayBreak Blue, 256 GB,16%," $22,990 ",462,28
SAMSUNG Galaxy M35 5G ,DayBreak Blue, 128 GB,25%," $19,289 ",462,28
SAMSUNG Galaxy M35 5G ,Moonlight Blue, 256 GB,16%," $22,990 ",462,28
SAMSUNG Galaxy M35 5G ,DayBreak Blue, 128 GB,56%," $19,289 ",462,28
SAMSUNG Galaxy M35 5G ,Moonlight Blue, 256 GB,38%," $22,999 ",462,28
SAMSUNG Galaxy M35 5G ,DayBreak Blue, 256 GB,40%," $22,990 ",462,28
SAMSUNG Galaxy M35 5G ,Thunder Grey, 256 GB,23%," $21,989 ",462,28
SAMSUNG Galaxy M35 5G ,Thunder Grey, 256 GB,37%," $21,989 ",462,28
SAMSUNG Galaxy M35 5G ,DayBreak Blue, 256 GB,20%," $22,990 ",462,28
SAMSUNG Galaxy M35 5G ,DayBreak Blue, 128 GB,21%," $19,289 ",462,28
SAMSUNG Galaxy M35 5G ,Moonlight Blue, 256 GB,40%," $22,990 ",462,28
SAMSUNG Galaxy M35 5G ,Thunder Grey, 256 GB,45%," $21,989 ",462,28
SAMSUNG Galaxy M35 5G ,DayBreak Blue, 256 GB,37%," $22,990 ",462,28
SAMSUNG Galaxy M35 5G ,DayBreak Blue, 128 GB,25%," $19,289 ",462,28
SAMSUNG Galaxy M35 5G ,Moonlight Blue, 256 GB,21%," $22,990 ",462,28
SAMSUNG Galaxy M35 5G ,Thunder Grey, 256 GB,29%," $21,989 ",462,28
SAMSUNG Galaxy M35 5G ,DayBreak Blue, 256 GB,32%," $22,990 ",462,28
SAMSUNG Galaxy M35 5G ,DayBreak Blue, 128 GB,25%," $19,289 ",462,28
SAMSUNG Galaxy M35 5G ,Moonlight Blue, 256 GB,32%," $22,990 ",462,28
SAMSUNG Galaxy M35 5G ,Thunder Grey, 256 GB,16%," $21,989 ",462,28
SAMSUNG Galaxy M35 5G ,DayBreak Blue, 256 GB,40%," $22,990 ",462,28
SAMSUNG Galaxy M35 5G ,DayBreak Blue, 128 GB,23%," $19,289 ",462,28
SAMSUNG Galaxy M35 5G ,Moonlight Blue, 256 GB,40%," $22,990 ",462,28
SAMSUNG Galaxy M35 5G ,DayBreak Blue, 128 GB,20%," $19,289 ",462,28
SAMSUNG Galaxy M35 5G ,Moonlight Blue, 256 GB,23%," $22,999 ",462,28
SAMSUNG Galaxy M35 5G ,DayBreak Blue, 256 GB,16%," $22,990 ",462,28
SAMSUNG Galaxy M35 5G ,Thunder Grey, 256 GB,16%," $21,989 ",462,28
SAMSUNG Galaxy M35 5G ,DayBreak Blue, 128 GB,39%," $19,289 ",462,28
SAMSUNG Galaxy M35 5G ,Moonlight Blue, 256 GB,56%," $22,999 ",462,28
SAMSUNG Galaxy M35 5G ,DayBreak Blue, 256 GB,38%," $22,990 ",462,28
SAMSUNG Galaxy M35 5G ,Thunder Grey, 256 GB,39%," $21,989 ",462,28
SAMSUNG Galaxy M35 5G ,Thunder Grey, 256 GB,21%," $21,989 ",462,28
SAMSUNG Galaxy M35 5G ,DayBreak Blue, 256 GB,55%," $22,990 ",462,28
SAMSUNG Galaxy M35 5G ,DayBreak Blue, 128 GB,20%," $19,289 ",462,28
SAMSUNG Galaxy M35 5G ,Moonlight Blue, 256 GB,21%," $22,990 ",462,28
SAMSUNG Galaxy M35 5G ,Thunder Grey, 256 GB,25%," $21,989 ",462,28
SAMSUNG Galaxy M35 5G ,DayBreak Blue, 256 GB,25%," $22,990 ",462,28
SAMSUNG Galaxy M35 5G ,DayBreak Blue, 128 GB,45%," $19,289 ",462,28
SAMSUNG Galaxy M35 5G ,Moonlight Blue, 256 GB,25%," $22,990 ",462,28
SAMSUNG Galaxy M35 5G ,DayBreak Blue, 128 GB,29%," $19,289 ",462,28
SAMSUNG Galaxy M35 5G ,Moonlight Blue, 256 GB,17%," $22,999 ",462,28
SAMSUNG Galaxy M35 5G ,DayBreak Blue, 256 GB,32%," $22,990 ",462,28
SAMSUNG Galaxy M35 5G ,Thunder Grey, 256 GB,32%," $21,989 ",462,28
SAMSUNG Galaxy M35 5G ,DayBreak Blue, 128 GB,16%," $19,289 ",462,28
SAMSUNG Galaxy M35 5G ,Moonlight Blue, 256 GB,45%," $22,999 ",462,28
SAMSUNG Galaxy M35 5G ,DayBreak Blue, 256 GB,40%," $22,990 ",462,28
SAMSUNG Galaxy M35 5G ,Thunder Grey, 256 GB,40%," $21,989 ",462,28
SAMSUNG Galaxy M35 5G ,DayBreak Blue, 128 GB,39%," $19,289 ",462,28
SAMSUNG Galaxy M35 5G ,Moonlight Blue, 256 GB,23%," $22,999 ",462,28
SAMSUNG Galaxy M35 5G ,DayBreak Blue, 256 GB,25%," $22,990 ",462,28
SAMSUNG Galaxy M35 5G ,Thunder Grey, 256 GB,16%," $21,989 ",462,28
SAMSUNG Galaxy M35 5G ,DayBreak Blue, 128 GB,40%," $19,289 ",462,28
SAMSUNG Galaxy M35 5G ,Moonlight Blue, 256 GB,39%," $22,999 ",462,28
SAMSUNG Galaxy M35 5G ,DayBreak Blue, 256 GB,56%," $22,990 ",462,28
SAMSUNG Galaxy M35 5G ,Thunder Grey, 256 GB,40%," $21,989 ",462,28
SAMSUNG Galaxy M35 5G ,Thunder Grey, 256 GB,20%," $21,989 ",462,28
SAMSUNG Galaxy M35 5G ,DayBreak Blue, 256 GB,16%," $22,990 ",462,28
SAMSUNG Galaxy M35 5G ,DayBreak Blue, 128 GB,25%," $19,289 ",462,28
SAMSUNG Galaxy M35 5G ,Moonlight Blue, 256 GB,16%," $22,990 ",462,28
SAMSUNG Galaxy M35 5G ,Thunder Grey, 256 GB,39%," $21,989 ",462,28
SAMSUNG Galaxy M35 5G ,DayBreak Blue, 256 GB,38%," $22,990 ",462,28
SAMSUNG Galaxy M35 5G ,DayBreak Blue, 128 GB,40%," $19,289 ",462,28
SAMSUNG Galaxy M35 5G ,Moonlight Blue, 256 GB,39%," $22,990 ",462,28
SAMSUNG Galaxy M35 5G ,Thunder Grey, 256 GB,37%," $21,989 ",462,28
SAMSUNG Galaxy M35 5G ,DayBreak Blue, 256 GB,20%," $22,990 ",462,28
SAMSUNG Galaxy M35 5G ,DayBreak Blue, 128 GB,21%," $19,289 ",462,28
SAMSUNG Galaxy M35 5G ,Moonlight Blue, 256 GB,40%," $22,990 ",462,28
SAMSUNG Galaxy M35 5G ,Thunder Grey, 256 GB,29%," $21,989 ",462,28
SAMSUNG Galaxy M35 5G ,DayBreak Blue, 256 GB,23%," $22,990 ",462,28
SAMSUNG Galaxy M35 5G ,DayBreak Blue, 128 GB,25%," $19,289 ",462,28
SAMSUNG Galaxy M35 5G ,Moonlight Blue, 256 GB,21%," $22,990 ",462,28
SAMSUNG Galaxy M35 5G ,Thunder Grey, 256 GB,29%," $21,989 ",462,28
SAMSUNG Galaxy M35 5G ,DayBreak Blue, 256 GB,32%," $22,990 ",462,28
SAMSUNG Galaxy M35 5G ,DayBreak Blue, 128 GB,25%," $19,289 ",462,28
SAMSUNG Galaxy M35 5G ,Moonlight Blue, 256 GB,32%," $22,990 ",462,28
SAMSUNG Galaxy M35 5G ,Thunder Grey, 256 GB,16%," $21,989 ",462,28
SAMSUNG Galaxy M35 5G ,DayBreak Blue, 256 GB,40%," $22,990 ",462,28
SAMSUNG Galaxy M35 5G ,DayBreak Blue, 128 GB,23%," $19,289 ",462,28
SAMSUNG Galaxy M35 5G ,Moonlight Blue, 256 GB,40%," $22,990 ",462,28
SAMSUNG Galaxy M35 5G ,DayBreak Blue, 128 GB,56%," $19,289 ",462,28
SAMSUNG Galaxy M35 5G ,Moonlight Blue, 256 GB,38%," $22,999 ",462,28
SAMSUNG Galaxy M35 5G ,DayBreak Blue, 256 GB,40%," $22,990 ",462,28
SAMSUNG Galaxy M35 5G ,Thunder Grey, 256 GB,20%," $21,989 ",462,28
SAMSUNG Galaxy M35 5G ,DayBreak Blue, 128 GB,23%," $19,289 ",462,28
SAMSUNG Galaxy M35 5G ,Moonlight Blue, 256 GB,40%," $22,999 ",462,28
SAMSUNG Galaxy M35 5G ,DayBreak Blue, 256 GB,25%," $22,990 ",462,28
SAMSUNG Galaxy M35 5G ,Thunder Grey, 256 GB,16%," $21,989 ",462,28
SAMSUNG Galaxy M35 5G ,DayBreak Blue, 128 GB,37%," $19,289 ",462,28
SAMSUNG Galaxy M35 5G ,Moonlight Blue, 256 GB,55%," $22,999 ",462,28
SAMSUNG Galaxy M35 5G ,DayBreak Blue, 256 GB,20%," $22,990 ",462,28
SAMSUNG Galaxy M35 5G ,Thunder Grey, 256 GB,40%," $21,989 ",462,28
SAMSUNG Galaxy M35 5G ,DayBreak Blue, 128 GB,40%," $19,289 ",462,28
SAMSUNG Galaxy M35 5G ,Moonlight Blue, 256 GB,25%," $22,999 ",462,28
SAMSUNG Galaxy M35 5G ,DayBreak Blue, 256 GB,45%," $22,990 ",462,28
SAMSUNG Galaxy M35 5G ,Thunder Grey, 256 GB,21%," $21,989 ",462,28
SAMSUNG Galaxy M35 5G ,DayBreak Blue, 128 GB,32%," $19,289 ",462,28
SAMSUNG Galaxy M35 5G ,Moonlight Blue, 256 GB,45%," $22,999 ",462,28
SAMSUNG Galaxy M35 5G ,DayBreak Blue, 256 GB,36%," $22,990 ",462,28
SAMSUNG Galaxy M35 5G ,Thunder Grey, 256 GB,32%," $21,989 ",462,28
SAMSUNG Galaxy M35 5G ,DayBreak Blue, 128 GB,23%," $19,289 ",462,28
SAMSUNG Galaxy M35 5G ,Moonlight Blue, 256 GB,20%," $22,999 ",462,28
SAMSUNG Galaxy M35 5G ,DayBreak Blue, 256 GB,40%," $22,990 ",462,28
SAMSUNG Galaxy M35 5G ,Thunder Grey, 256 GB,21%," $21,989 ",462,28
SAMSUNG Galaxy M35 5G ,Thunder Grey, 256 GB,40%," $21,989 ",462,28
SAMSUNG Galaxy M35 5G ,DayBreak Blue, 256 GB,23%," $22,990 ",462,28
SAMSUNG Galaxy M35 5G ,DayBreak Blue, 128 GB,25%," $19,289 ",462,28
SAMSUNG Galaxy M35 5G ,Moonlight Blue, 256 GB,17%," $22,990 ",462,28
SAMSUNG Galaxy M35 5G ,Thunder Grey, 256 GB,21%," $21,989 ",462,28
SAMSUNG Galaxy M35 5G ,DayBreak Blue, 256 GB,39%," $22,990 ",462,28
SAMSUNG Galaxy M35 5G ,DayBreak Blue, 128 GB,56%," $19,289 ",462,28
SAMSUNG Galaxy M35 5G ,Moonlight Blue, 256 GB,38%," $22,990 ",462,28
SAMSUNG Galaxy A05 ,Light Green, 64 GB,36%," $7,889 ",347,20
SAMSUNG Galaxy A05 ,Silver, 64 GB,23%," $7,830 ",347,20
SAMSUNG Galaxy A05 ,Silver, 64 GB,16%," $7,830 ",347,20
SAMSUNG Galaxy A05 ,Silver, 64 GB,38%," $7,830 ",347,20
SAMSUNG Galaxy A05 ,Silver, 64 GB,45%," $7,830 ",347,20
SAMSUNG Galaxy A05 ,Light Green, 64 GB,19%," $7,889 ",347,20
SAMSUNG Galaxy A05 ,Light Green, 64 GB,20%," $7,889 ",347,20
SAMSUNG Galaxy A05 ,Light Green, 64 GB,23%," $7,889 ",347,20
SAMSUNG Galaxy A05 ,Light Green, 64 GB,37%," $7,889 ",347,20
SAMSUNG Galaxy A05 ,Silver, 64 GB,32%," $7,830 ",347,20
SAMSUNG Galaxy A05 ,Light Green, 64 GB,32%," $7,889 ",347,20
SAMSUNG Galaxy A05 ,Light Green, 64 GB,23%," $7,889 ",347,20
SAMSUNG Galaxy A05 ,Silver, 64 GB,37%," $7,830 ",347,20
SAMSUNG Galaxy A05 ,Light Green, 64 GB,40%," $7,889 ",347,20
SAMSUNG Galaxy A05 ,Light Green, 64 GB,17%," $7,889 ",347,20
SAMSUNG Galaxy A05 ,Light Green, 64 GB,20%," $7,889 ",347,20
SAMSUNG Galaxy A05 ,Light Green, 64 GB,37%," $7,889 ",347,20
SAMSUNG Galaxy A05 ,Light Green, 64 GB,45%," $7,889 ",347,20
SAMSUNG Galaxy A05 ,Light Green, 64 GB,32%," $7,889 ",347,20
SAMSUNG Galaxy A05 ,Light Green, 64 GB,23%," $7,889 ",347,20
SAMSUNG Galaxy A05 ,Silver, 64 GB,23%," $7,830 ",347,20
SAMSUNG Galaxy A05 ,Light Green, 64 GB,40%," $7,889 ",347,20
SAMSUNG Galaxy A05 ,Silver, 64 GB,23%," $7,830 ",347,20
SAMSUNG Galaxy A05 ,Light Green, 64 GB,32%," $7,889 ",347,20
SAMSUNG Galaxy A05 ,Light Green, 64 GB,23%," $7,889 ",347,20
SAMSUNG Galaxy A05 ,Light Green, 64 GB,39%," $7,889 ",347,20
SAMSUNG Galaxy A05 ,Light Green, 64 GB,37%," $7,889 ",347,20
SAMSUNG Galaxy A05 ,Light Green, 64 GB,40%," $7,889 ",347,20
SAMSUNG M15 Prime Edition ,Blue Topaz, 128 GB,45%," $13,990 ",134,8
SAMSUNG M15 Prime Edition ,Blue Topaz, 128 GB,23%," $13,990 ",134,8
SAMSUNG M15 Prime Edition ,Blue Topaz, 128 GB,20%," $13,990 ",134,8
SAMSUNG M15 Prime Edition ,Blue Topaz, 128 GB,37%," $13,990 ",134,8
SAMSUNG M15 Prime Edition ,Blue Topaz, 128 GB,32%," $13,990 ",134,8
SAMSUNG M15 Prime Edition ,Blue Topaz, 128 GB,40%," $13,990 ",134,8
SAMSUNG M15 Prime Edition ,Blue Topaz, 128 GB,17%," $13,990 ",134,8
SAMSUNG M15 Prime Edition ,Blue Topaz, 128 GB,17%," $13,990 ",134,8
SAMSUNG M15 Prime Edition ,Blue Topaz, 128 GB,20%," $13,990 ",134,8
SAMSUNG M15 Prime Edition ,Blue Topaz, 128 GB,39%," $13,990 ",134,8
SAMSUNG M15 Prime Edition ,Blue Topaz, 128 GB,37%," $13,990 ",134,8
SAMSUNG M15 Prime Edition ,Blue Topaz, 128 GB,45%," $13,990 ",134,8
SAMSUNG M15 Prime Edition ,Blue Topaz, 128 GB,39%," $13,990 ",134,8
SAMSUNG M15 Prime Edition ,Blue Topaz, 128 GB,40%," $13,990 ",134,8
SAMSUNG M15 Prime Edition ,Blue Topaz, 128 GB,17%," $13,990 ",134,8
SAMSUNG M15 Prime Edition ,Blue Topaz, 128 GB,45%," $13,990 ",134,8
SAMSUNG M15 Prime Edition ,Blue Topaz, 128 GB,20%," $13,990 ",134,8
SAMSUNG M15 Prime Edition ,Blue Topaz, 128 GB,39%," $13,990 ",134,8
SAMSUNG M15 Prime Edition ,Blue Topaz, 128 GB,37%," $13,990 ",134,8
SAMSUNG M15 Prime Edition ,Blue Topaz, 128 GB,45%," $13,990 ",134,8
SAMSUNG M15 Prime Edition ,Blue Topaz, 128 GB,21%," $13,990 ",134,8
SAMSUNG M15 Prime Edition ,Blue Topaz, 128 GB,16%," $13,990 ",134,8
SAMSUNG M15 5G Prime Edition ,Stone Grey, 128 GB,25%," $12,689 ",41,4
SAMSUNG M15 5G Prime Edition ,Stone Grey, 128 GB,29%," $12,689 ",41,4
SAMSUNG M15 5G Prime Edition ,Stone Grey, 128 GB,25%," $12,689 ",41,4
SAMSUNG M15 5G Prime Edition ,Stone Grey, 128 GB,56%," $12,689 ",41,4
SAMSUNG M15 5G Prime Edition ,Stone Grey, 128 GB,25%," $12,689 ",41,4
SAMSUNG M15 5G Prime Edition ,Stone Grey, 128 GB,20%," $12,689 ",41,4
SAMSUNG M15 5G Prime Edition ,Stone Grey, 128 GB,25%," $12,689 ",41,4
SAMSUNG M15 5G Prime Edition ,Stone Grey, 128 GB,17%," $12,689 ",41,4
SAMSUNG M15 5G Prime Edition ,Stone Grey, 128 GB,40%," $12,689 ",41,4
SAMSUNG M15 5G Prime Edition ,Stone Grey, 128 GB,25%," $12,689 ",41,4
SAMSUNG M15 5G Prime Edition ,Stone Grey, 128 GB,29%," $12,689 ",41,4
SAMSUNG M15 5G Prime Edition ,Stone Grey, 128 GB,17%," $12,689 ",41,4
SAMSUNG M15 5G Prime Edition ,Stone Grey, 128 GB,20%," $12,689 ",41,4
SAMSUNG M15 5G Prime Edition ,Stone Grey, 128 GB,23%," $12,689 ",41,4
SAMSUNG M15 5G Prime Edition ,Stone Grey, 128 GB,16%," $12,689 ",41,4
SAMSUNG M15 5G Prime Edition ,Stone Grey, 128 GB,20%," $12,689 ",41,4
SAMSUNG M15 5G Prime Edition ,Stone Grey, 128 GB,56%," $12,689 ",41,4
SAMSUNG M15 5G Prime Edition ,Stone Grey, 128 GB,55%," $12,689 ",41,4
SAMSUNG M15 5G Prime Edition ,Stone Grey, 128 GB,25%," $12,689 ",41,4
SAMSUNG M15 5G Prime Edition ,Stone Grey, 128 GB,45%," $12,689 ",41,4
SAMSUNG Galaxy S24 FE 5G ,Mint, 128 GB,25%," $44,999 ",44,2
SAMSUNG Galaxy S24 FE 5G ,Blue, 128 GB,32%," $44,999 ",44,2
SAMSUNG Galaxy S24 FE 5G ,Blue, 128 GB,17%," $44,999 ",44,2
SAMSUNG Galaxy S24 FE 5G ,Blue, 128 GB,45%," $44,999 ",44,2
SAMSUNG Galaxy S24 FE 5G ,Graphite, 128 GB,23%," $44,999 ",44,2
SAMSUNG Galaxy S24 FE 5G ,Blue, 128 GB,20%," $44,999 ",44,2
SAMSUNG Galaxy S24 FE 5G ,Mint, 128 GB,23%," $44,999 ",44,2
SAMSUNG Galaxy S24 FE 5G ,Mint, 128 GB,21%," $44,999 ",44,2
SAMSUNG Galaxy S24 FE 5G ,Mint, 128 GB,40%," $44,999 ",44,2
SAMSUNG Galaxy S24 FE 5G ,Graphite, 128 GB,25%," $44,999 ",44,2
SAMSUNG Galaxy S24 FE 5G ,Mint, 128 GB,56%," $44,999 ",44,2
SAMSUNG Galaxy S24 FE 5G ,Blue, 128 GB,55%," $44,999 ",44,2
SAMSUNG Galaxy S24 FE 5G ,Mint, 128 GB,37%," $44,999 ",44,2
SAMSUNG Galaxy S24 FE 5G ,Mint, 128 GB,45%," $44,999 ",44,2
SAMSUNG Galaxy S24 FE 5G ,Blue, 128 GB,25%," $44,999 ",44,2
SAMSUNG Galaxy S24 FE 5G ,Mint, 128 GB,25%," $44,999 ",44,2
SAMSUNG Galaxy S24 FE 5G ,Blue, 128 GB,25%," $44,999 ",44,2
SAMSUNG Galaxy S24 FE 5G ,Blue, 128 GB,16%," $44,999 ",44,2
SAMSUNG Galaxy S24 FE 5G ,Blue, 128 GB,38%," $44,999 ",44,2
SAMSUNG Galaxy S24 FE 5G ,Graphite, 128 GB,20%," $44,999 ",44,2
SAMSUNG Galaxy S24 FE 5G ,Mint, 128 GB,37%," $44,999 ",44,2
SAMSUNG Galaxy S24 FE 5G ,Mint, 128 GB,32%," $44,999 ",44,2
SAMSUNG Galaxy S24 FE 5G ,Blue, 128 GB,40%," $44,999 ",44,2
SAMSUNG Galaxy S24 FE 5G ,Blue, 128 GB,25%," $44,999 ",44,2
SAMSUNG Galaxy S24 FE 5G ,Mint, 128 GB,56%," $44,999 ",44,2
SAMSUNG Galaxy S24 FE 5G ,Mint, 128 GB,55%," $44,999 ",44,2
SAMSUNG Galaxy S24 FE 5G ,Mint, 128 GB,29%," $44,999 ",44,2
SAMSUNG Galaxy S24 FE 5G ,Mint, 128 GB,45%," $44,999 ",44,2
SAMSUNG Galaxy S24 FE 5G ,Blue, 128 GB,25%," $44,999 ",44,2
SAMSUNG Galaxy S24 FE 5G ,Blue, 128 GB,25%," $44,999 ",44,2
SAMSUNG Galaxy S24 FE 5G ,Graphite, 128 GB,23%," $44,999 ",44,2
SAMSUNG Galaxy S24 FE 5G ,Blue, 128 GB,16%," $44,999 ",44,2
SAMSUNG Galaxy S24 FE 5G ,Blue, 128 GB,38%," $44,999 ",44,2
SAMSUNG Galaxy S24 FE 5G ,Blue, 128 GB,20%," $44,999 ",44,2
SAMSUNG Galaxy S24 FE 5G ,Blue, 128 GB,32%," $44,999 ",44,2
SAMSUNG Galaxy S24 FE 5G ,Blue, 128 GB,45%," $44,999 ",44,2
SAMSUNG Galaxy S24 FE 5G ,Blue, 128 GB,25%," $44,999 ",44,2
SAMSUNG Galaxy S24 FE 5G ,Blue, 128 GB,56%," $44,999 ",44,2
SAMSUNG Galaxy S24 FE 5G ,Blue, 128 GB,55%," $44,999 ",44,2
SAMSUNG Galaxy S24 FE 5G ,Blue, 128 GB,25%," $44,999 ",44,2
SAMSUNG Galaxy S24 FE 5G ,Blue, 128 GB,45%," $44,999 ",44,2
